title,instructor,level,songs,videoUrl,thumbnailSlug
Footwork – Russian Kicks,Bboy Machine,Intermediate,Break Hard Mixtape,https://www.youtube.com/watch?v=YE7VzlLtp-4,class-thumbnail-1.jpg
Freezes – Baby Freeze,Bboy Machine,Intermediate,Break Hard Mixtape,https://www.youtube.com/watch?v=YE7VzlLtp-4,class-thumbnail-2.jpg
Freezes – The Bridge,Bboy Machine,Intermediate,Break Hard Mixtape,https://www.youtube.com/watch?v=YE7VzlLtp-4,class-thumbnail-3.jpg
Imitate - Jeremih & Ty Dolla Sign,Brian Puspos,Advanced,Imitate,https://www.youtube.com/watch?v=YE7VzlLtp-4,class-thumbnail-1.jpg
WhySoSerious - Konkrete,"""Kevin """"Konkrete"""" Davis""",Advanced,Why So Serious,https://www.youtube.com/watch?v=YE7VzlLtp-4,class-thumbnail-2.jpg
"It's A Vibe - 2 Chainz Ft. Ty Dolla Sign, Trey Songz, Jhene Aiko",CJ Salvador,Advanced,It's A Vibe,https://www.youtube.com/watch?v=YE7VzlLtp-4,class-thumbnail-3.jpg
Poppin' - Chris Brown,Baiba Klints,Advanced,Poppin',https://www.youtube.com/watch?v=YE7VzlLtp-4,class-thumbnail-1.jpg
Kelly Price - Migos Ft. Travis Scott,Ysabelle Capitule,Advanced,Kelly Price,https://www.youtube.com/watch?v=YE7VzlLtp-4,class-thumbnail-2.jpg
Booty (T Mix) - T Pain Ft. Young Cash,Melvin Timtim,Advanced,Booty (T-Mix),https://www.youtube.com/watch?v=YE7VzlLtp-4,class-thumbnail-3.jpg
BDash & Konkrete - BK Solo,BDash & Konkrete,Advanced,Solo,https://www.youtube.com/watch?v=YE7VzlLtp-4,class-thumbnail-1.jpg
Look Alive - Blocboy JB & Drake,Baiba Klints,Advanced,Look Alive,https://www.youtube.com/watch?v=YE7VzlLtp-4,class-thumbnail-2.jpg
Okay - Moneybagg Yo Ft. Future,Bam Martin,Advanced,Okay,https://www.youtube.com/watch?v=YE7VzlLtp-4,class-thumbnail-3.jpg
All The Way Turnt Up - Roscoe Dash Ft. Soulja Boy,Taiwan Williams,Advanced,All The Way Turnt Up,https://www.youtube.com/watch?v=YE7VzlLtp-4,class-thumbnail-1.jpg
Bury A Friend - Billie Eilish ,Phillip Chbeeb,Advanced,Bury A Friend,https://www.youtube.com/watch?v=YE7VzlLtp-4,class-thumbnail-2.jpg
Deep - Summer Walker,Andye J,Advanced,Deep,https://www.youtube.com/watch?v=YE7VzlLtp-4,class-thumbnail-3.jpg
Even - Chris Brown,"""Kevin """"Konkrete"""" Davis""",Advanced,Even,https://www.youtube.com/watch?v=YE7VzlLtp-4,class-thumbnail-1.jpg
TrybeVybe - Konkrete,"""Kevin """"Konkrete"""" Davis""",Advanced,TrybeVybe,https://www.youtube.com/watch?v=YE7VzlLtp-4,class-thumbnail-2.jpg
Be Like Me - Lil Pump,Rie Hata,Advanced,Be Like Me,https://www.youtube.com/watch?v=YE7VzlLtp-4,class-thumbnail-3.jpg
RIP To The Parking Lot - T Pain,Rie Hata,Advanced,RIP To The Parking Lot,https://www.youtube.com/watch?v=YE7VzlLtp-4,class-thumbnail-1.jpg
Was Dat - J Blaze,J Blaze,Advanced,Was Dat,https://www.youtube.com/watch?v=YE7VzlLtp-4,class-thumbnail-2.jpg
Would You - Pink Sweat$,Brian Puspos,Advanced,Would You,https://www.youtube.com/watch?v=YE7VzlLtp-4,class-thumbnail-3.jpg
Bust Down Tutorial (Viral Dance Move),Gabe Padilla,Beginner,Thotiana,https://www.youtube.com/watch?v=YE7VzlLtp-4,class-thumbnail-1.jpg
What is the Bust Down?,Gabe Padilla,Beginner,Thotiana,https://www.youtube.com/watch?v=YE7VzlLtp-4,class-thumbnail-2.jpg
Bust Down Tutorial,Gabe Padilla,Beginner,Thotiana,https://www.youtube.com/watch?v=YE7VzlLtp-4,class-thumbnail-3.jpg
The Bust Down With A Step,Gabe Padilla,Beginner,Thotiana,https://www.youtube.com/watch?v=YE7VzlLtp-4,class-thumbnail-1.jpg
The Bust Down In Different Directions,Gabe Padilla,Beginner,Thotiana,https://www.youtube.com/watch?v=YE7VzlLtp-4,class-thumbnail-2.jpg
The Bust Down With Different Arms,Gabe Padilla,Beginner,Thotiana,https://www.youtube.com/watch?v=YE7VzlLtp-4,class-thumbnail-3.jpg
Bicep/Tricep Pop,Slim Boogie,Beginner,Bounce Druma44,https://www.youtube.com/watch?v=YE7VzlLtp-4,class-thumbnail-1.jpg
Forearm/Wrist Pop,Slim Boogie,Beginner,Bash N Baa,https://www.youtube.com/watch?v=YE7VzlLtp-4,class-thumbnail-2.jpg
Full Arm Pop,Slim Boogie,Beginner,Devin,https://www.youtube.com/watch?v=YE7VzlLtp-4,class-thumbnail-3.jpg
Leg Pop,Slim Boogie,Beginner,Earth Wind And Jakeyboy,https://www.youtube.com/watch?v=YE7VzlLtp-4,class-thumbnail-1.jpg
Neck Pop,Slim Boogie,Beginner,fLako_Push,https://www.youtube.com/watch?v=YE7VzlLtp-4,class-thumbnail-2.jpg
Torso Pop,Slim Boogie,Beginner,Bash N Baa,https://www.youtube.com/watch?v=YE7VzlLtp-4,class-thumbnail-3.jpg
Full Body Pop,Slim Boogie,Beginner,Devin,https://www.youtube.com/watch?v=YE7VzlLtp-4,class-thumbnail-1.jpg
Sexy Walk,Anna Morrell,Beginner,Señorita,https://www.youtube.com/watch?v=YE7VzlLtp-4,class-thumbnail-2.jpg
Side To Side Sexy Walk + High & Low Circles,Anna Morrell,Beginner,Peace Sign,https://www.youtube.com/watch?v=YE7VzlLtp-4,class-thumbnail-3.jpg
Booty Dip,Anna Morrell,Beginner,Don't Cha,https://www.youtube.com/watch?v=YE7VzlLtp-4,class-thumbnail-1.jpg
Booty Dip + Thigh Touch,Anna Morrell,Beginner,Special Affair,https://www.youtube.com/watch?v=YE7VzlLtp-4,class-thumbnail-2.jpg
Milk Down To Open Knees,Anna Morrell,Beginner,Shot Clock,https://www.youtube.com/watch?v=YE7VzlLtp-4,class-thumbnail-3.jpg
Swipe In + Hip Hit,Anna Morrell,Beginner,Promise,https://www.youtube.com/watch?v=YE7VzlLtp-4,class-thumbnail-1.jpg
Walk And Out + Down To Leg,Anna Morrell,Beginner,Radar,https://www.youtube.com/watch?v=YE7VzlLtp-4,class-thumbnail-2.jpg
Leg Hike Up + Hip Rolls,Anna Morrell,Beginner,All Nite,https://www.youtube.com/watch?v=YE7VzlLtp-4,class-thumbnail-3.jpg
Hip Roll + Leg Hike Up + Booty Dip,Anna Morrell,Beginner,"""Nails, Hair, Hips, Heels""",https://www.youtube.com/watch?v=YE7VzlLtp-4,class-thumbnail-1.jpg
Step Out + Hip Rolls,Anna Morrell,Beginner,Girls Need Love,https://www.youtube.com/watch?v=YE7VzlLtp-4,class-thumbnail-2.jpg
Kangsta Wok,Zaya Sosho,Beginner,Kangsta Wok,https://www.youtube.com/watch?v=YE7VzlLtp-4,class-thumbnail-3.jpg
25 Min Groove Combo,David Lee,Intermediate,"Money In The Grave,Taste,Need a Stack,Windows,Pure Water",https://www.youtube.com/watch?v=YE7VzlLtp-4,class-thumbnail-1.jpg
My Type (Clean) - Saweetie,David Lee,Intermediate,My Type,https://www.youtube.com/watch?v=YE7VzlLtp-4,class-thumbnail-2.jpg
Dance Like Beyonce,Harlie Ramirez,Beginner,"Formation,Single Ladies,Partition,Crazy In Love,Diva",https://www.youtube.com/watch?v=YE7VzlLtp-4,class-thumbnail-3.jpg
Truth Hurts - Lizzo,Harlie Ramirez,Intermediate,Truth Hurts,https://www.youtube.com/watch?v=YE7VzlLtp-4,class-thumbnail-1.jpg
Captions - Tron Austin,Phil Wright,Intermediate,Captions,https://www.youtube.com/watch?v=YE7VzlLtp-4,class-thumbnail-2.jpg
Throw It Back - Missy Elliot,David Lee,Intermediate,Throw It Back,https://www.youtube.com/watch?v=YE7VzlLtp-4,class-thumbnail-3.jpg
Hot Girl Summer - Megan Thee Stallion,David Lee,Beginner,Hot Girl Summer,https://www.youtube.com/watch?v=YE7VzlLtp-4,class-thumbnail-1.jpg
How Do You Want It - Teyana Taylor,David Lee,Intermediate,How You Want It?,https://www.youtube.com/watch?v=YE7VzlLtp-4,class-thumbnail-2.jpg
Como Un Bebe - J Balvin & Bad Bunny,CJ Salvador,Advanced,Como Un Bebe,https://www.youtube.com/watch?v=YE7VzlLtp-4,class-thumbnail-3.jpg
Smeeze,Chonkie,Beginner,Bands,https://www.youtube.com/watch?v=YE7VzlLtp-4,class-thumbnail-1.jpg
Hot Shower - Chance The Rapper,Nicole Kirkland,Advanced,Hot Shower,https://www.youtube.com/watch?v=YE7VzlLtp-4,class-thumbnail-2.jpg
Wrong Way - Dodgr,Nicole Kirkland,Advanced,Wrong Way,https://www.youtube.com/watch?v=YE7VzlLtp-4,class-thumbnail-3.jpg
Footwork Training 1,Julian Sena,Beginner,In My Feelings,https://www.youtube.com/watch?v=YE7VzlLtp-4,class-thumbnail-1.jpg
Drippy - IAMDDB,Chris Martin,Advanced,Drippy,https://www.youtube.com/watch?v=YE7VzlLtp-4,class-thumbnail-2.jpg
How You Want It 2 - Teyana Taylor,Anna Morrell,Beginner,How You Want It?,https://www.youtube.com/watch?v=YE7VzlLtp-4,class-thumbnail-3.jpg
Motivation - Normani,Anna Morrell,Intermediate,Motivation,https://www.youtube.com/watch?v=YE7VzlLtp-4,class-thumbnail-1.jpg
10 Minute Grooves Session,Bianca Vallar,Beginner,"Doo-Wop (That Thing),Vivrant Thing,Madiba Riddim",https://www.youtube.com/watch?v=YE7VzlLtp-4,class-thumbnail-2.jpg
Juicy - Doja Cat,Nicole Kirkland,Advanced,Juicy,https://www.youtube.com/watch?v=YE7VzlLtp-4,class-thumbnail-3.jpg
Easy - Danileigh,CJ Salvador,Advanced,Easy,https://www.youtube.com/watch?v=YE7VzlLtp-4,class-thumbnail-1.jpg
Early 2k - Chris Brown,Brian Puspos,Advanced,Early 2k,https://www.youtube.com/watch?v=YE7VzlLtp-4,class-thumbnail-2.jpg
My Type - Saweetie,Nicole Kirkland,Advanced,My Type,https://www.youtube.com/watch?v=YE7VzlLtp-4,class-thumbnail-3.jpg
Buck X2 - BDash,Jaja Vankova,Advanced,Buck X2,https://www.youtube.com/watch?v=YE7VzlLtp-4,class-thumbnail-1.jpg
Caught Up - Usher,Jay Chris Moore,Intermediate,Caught Up,https://www.youtube.com/watch?v=YE7VzlLtp-4,class-thumbnail-2.jpg
Sou Sou - Jidenna,CJ Salvador,Advanced,Sou Sou,https://www.youtube.com/watch?v=YE7VzlLtp-4,class-thumbnail-3.jpg
3 Point Hand Wave,Boogie Frantick,Beginner,I'm Down With You,https://www.youtube.com/watch?v=YE7VzlLtp-4,class-thumbnail-1.jpg
6 Point Arm Wave,Boogie Frantick,Beginner,Someone I Used To Know (Remix),https://www.youtube.com/watch?v=YE7VzlLtp-4,class-thumbnail-2.jpg
12 Point Arm Wave,Boogie Frantick,Beginner,1989,https://www.youtube.com/watch?v=YE7VzlLtp-4,class-thumbnail-3.jpg
Shoulder Chest Shoulder Wave,Boogie Frantick,Beginner,Gutter-Funk,https://www.youtube.com/watch?v=YE7VzlLtp-4,class-thumbnail-1.jpg
8 Point Body Wave,Boogie Frantick,Beginner,Hypnotize (Remix),https://www.youtube.com/watch?v=YE7VzlLtp-4,class-thumbnail-2.jpg
Side Body Wave,Boogie Frantick,Beginner,Rick Valentine,https://www.youtube.com/watch?v=YE7VzlLtp-4,class-thumbnail-3.jpg
Arm & Body Waves,Boogie Frantick,Beginner,21 Questions,https://www.youtube.com/watch?v=YE7VzlLtp-4,class-thumbnail-1.jpg
Trace Wave,Boogie Frantick,Beginner,Aaliyah - Rock The Boat (Remix),https://www.youtube.com/watch?v=YE7VzlLtp-4,class-thumbnail-2.jpg
Rock Wave,Boogie Frantick,Beginner,Gutter-Funk,https://www.youtube.com/watch?v=YE7VzlLtp-4,class-thumbnail-3.jpg
Omnidirectional Wave,Boogie Frantick,Beginner,Rick Valentine,https://www.youtube.com/watch?v=YE7VzlLtp-4,class-thumbnail-1.jpg
Concepts & Storytelling with Waves,Boogie Frantick,Beginner,I'm Down With You,https://www.youtube.com/watch?v=YE7VzlLtp-4,class-thumbnail-2.jpg
Heel Toes,Boogie Frantick,Beginner,Walk That Way,https://www.youtube.com/watch?v=YE7VzlLtp-4,class-thumbnail-3.jpg
Front Slide,Boogie Frantick,Beginner,Cloud Orange,https://www.youtube.com/watch?v=YE7VzlLtp-4,class-thumbnail-1.jpg
Back Slide,Boogie Frantick,Beginner,Blooming,https://www.youtube.com/watch?v=YE7VzlLtp-4,class-thumbnail-2.jpg
Air Walks,Boogie Frantick,Beginner,Yawn,https://www.youtube.com/watch?v=YE7VzlLtp-4,class-thumbnail-3.jpg
Side Glide,Boogie Frantick,Beginner,Lamp Lamp,https://www.youtube.com/watch?v=YE7VzlLtp-4,class-thumbnail-1.jpg
4 Corners,Boogie Frantick,Beginner,"Lamp Lamp,May Weather",https://www.youtube.com/watch?v=YE7VzlLtp-4,class-thumbnail-2.jpg
New School Smurf,Brandon BeastBoi Juezan,Beginner,Let's Get Down,https://www.youtube.com/watch?v=YE7VzlLtp-4,class-thumbnail-3.jpg
Bankhead Bounce,Brandon BeastBoi Juezan,Beginner,Rosa Parks,https://www.youtube.com/watch?v=YE7VzlLtp-4,class-thumbnail-1.jpg
Roger Rabbit,Brandon BeastBoi Juezan,Beginner,Poison,https://www.youtube.com/watch?v=YE7VzlLtp-4,class-thumbnail-2.jpg
Bart Simpson,Brandon BeastBoi Juezan,Beginner,What About Your Friends,https://www.youtube.com/watch?v=YE7VzlLtp-4,class-thumbnail-3.jpg
Prep,Brandon BeastBoi Juezan,Beginner,No Diggity,https://www.youtube.com/watch?v=YE7VzlLtp-4,class-thumbnail-1.jpg
Reebok + Cabbage Patch,Brandon BeastBoi Juezan,Beginner,This Is How We Do It,https://www.youtube.com/watch?v=YE7VzlLtp-4,class-thumbnail-2.jpg
Running Man,Brandon BeastBoi Juezan,Beginner,Candy Rain,https://www.youtube.com/watch?v=YE7VzlLtp-4,class-thumbnail-3.jpg
Grapevine,Brandon BeastBoi Juezan,Beginner,Ain't Gonna Hurt Nobody,https://www.youtube.com/watch?v=YE7VzlLtp-4,class-thumbnail-1.jpg
Humpty Dance,Brandon BeastBoi Juezan,Beginner,Humpty Dance,https://www.youtube.com/watch?v=YE7VzlLtp-4,class-thumbnail-2.jpg
Biz Markie,Brandon BeastBoi Juezan,Beginner,Make The Music,https://www.youtube.com/watch?v=YE7VzlLtp-4,class-thumbnail-3.jpg
Swagg Bouncee,Lil Rich Swagg,Beginner,Throw It Back,https://www.youtube.com/watch?v=YE7VzlLtp-4,class-thumbnail-1.jpg
Ned Flanders - MadeinTYO,Carlo Darang,Advanced,Ned Flanders,https://www.youtube.com/watch?v=YE7VzlLtp-4,class-thumbnail-2.jpg
House Roger Rabbit,Tony Ray,Beginner,Tonight We Ride,https://www.youtube.com/watch?v=YE7VzlLtp-4,class-thumbnail-3.jpg
Right On - Ben Hauke,Tony Ray,Intermediate,Tech This Out Pt. 1,https://www.youtube.com/watch?v=YE7VzlLtp-4,class-thumbnail-1.jpg
House Warmup,Tony Ray,Beginner,Right On,https://www.youtube.com/watch?v=YE7VzlLtp-4,class-thumbnail-2.jpg
CLONES - Tierra Whack,Josh Price,Advanced,CLONES,https://www.youtube.com/watch?v=YE7VzlLtp-4,class-thumbnail-3.jpg
Back By Poppers Demand Part I,Slim Boogie,Intermediate,Back By Poppers Demand - Part 1,https://www.youtube.com/watch?v=YE7VzlLtp-4,class-thumbnail-1.jpg
Back By Poppers Demand Part III,Slim Boogie,Intermediate,Back By Poppers Demand - Part 3,https://www.youtube.com/watch?v=YE7VzlLtp-4,class-thumbnail-2.jpg
Juicy - Doja Cat,David Lee,Intermediate,Juicy,https://www.youtube.com/watch?v=YE7VzlLtp-4,class-thumbnail-3.jpg
Suge - DaBaby,David Lee,Beginner,Suge,https://www.youtube.com/watch?v=YE7VzlLtp-4,class-thumbnail-1.jpg
Grove St. Party - Waka Flocka,David Lee,Intermediate,Grove St. Party,https://www.youtube.com/watch?v=YE7VzlLtp-4,class-thumbnail-2.jpg
Rhythm & Musicality 1,Jessie Ma,Beginner,ATM (Clean),https://www.youtube.com/watch?v=YE7VzlLtp-4,class-thumbnail-3.jpg
Rhythm & Musicality 2,Clay Boonthanakit,Intermediate,Hallucinations,https://www.youtube.com/watch?v=YE7VzlLtp-4,class-thumbnail-1.jpg
10 Bands - Joyner Lucas,Brandon BeastBoi Juezan,Intermediate,10 Bands,https://www.youtube.com/watch?v=YE7VzlLtp-4,class-thumbnail-2.jpg
All About The Benjamins - Bad Boy,Brandon BeastBoi Juezan,Intermediate,All About The Benjamins,https://www.youtube.com/watch?v=YE7VzlLtp-4,class-thumbnail-3.jpg
8 Min Hip Hop Groove Session,Brandon BeastBoi Juezan,Beginner,Hip Hop Hooray The Learning,https://www.youtube.com/watch?v=YE7VzlLtp-4,class-thumbnail-1.jpg
Slide - H.E.R.,Bianca Vallar,Beginner,Slide,https://www.youtube.com/watch?v=YE7VzlLtp-4,class-thumbnail-2.jpg
Motivation - Normani,Bianca Vallar,Beginner,Motivation,https://www.youtube.com/watch?v=YE7VzlLtp-4,class-thumbnail-3.jpg
Minute Man - Missy Elliot,Bianca Vallar,Intermediate,Minute Man,https://www.youtube.com/watch?v=YE7VzlLtp-4,class-thumbnail-1.jpg
MIRO - Hoody,Tony Ray,Intermediate,MIRO,https://www.youtube.com/watch?v=YE7VzlLtp-4,class-thumbnail-2.jpg
House Sidewalk,Tony Ray,Intermediate,Dont You Ever Wonder Why,https://www.youtube.com/watch?v=YE7VzlLtp-4,class-thumbnail-3.jpg
House Shuffle,Tony Ray,Intermediate,My Joy,https://www.youtube.com/watch?v=YE7VzlLtp-4,class-thumbnail-1.jpg
Middle School Era Moves,Tango Leadaz,Beginner,Day Rave Riddim,https://www.youtube.com/watch?v=YE7VzlLtp-4,class-thumbnail-2.jpg
New School Era Moves,Tango Leadaz,Beginner,"Ohh Lala La,Snapping,Dumpling",https://www.youtube.com/watch?v=YE7VzlLtp-4,class-thumbnail-3.jpg
Government (Follow the Leader),Tango Leadaz,Beginner,Jonkanoo Riddim,https://www.youtube.com/watch?v=YE7VzlLtp-4,class-thumbnail-1.jpg
Gangsta Poplock - West Coast Stone,Dnoi,Beginner,Gangsta Poplock (feat. Brass Hogg),https://www.youtube.com/watch?v=YE7VzlLtp-4,class-thumbnail-2.jpg
Dreamer - The B. B. & Q. Band,Dnoi,Intermediate,Dreamer - Full Length Mix,https://www.youtube.com/watch?v=YE7VzlLtp-4,class-thumbnail-3.jpg
Hot Shower - Chance The Rapper (Clean),Brandon BeastBoi Juezan,Intermediate,Hot Shower,https://www.youtube.com/watch?v=YE7VzlLtp-4,class-thumbnail-1.jpg
Old Songs,Brandon BeastBoi Juezan,Beginner,"Get It Shawty,Lost Ones",https://www.youtube.com/watch?v=YE7VzlLtp-4,class-thumbnail-2.jpg
New Songs,Brandon BeastBoi Juezan,Beginner,"It's A Vibe,Tints",https://www.youtube.com/watch?v=YE7VzlLtp-4,class-thumbnail-3.jpg
Pas De Bourree,Alex Swift Almaraz,Beginner,Sun Rise (Atjazz Remix),https://www.youtube.com/watch?v=YE7VzlLtp-4,class-thumbnail-1.jpg
Chase + Loose Leg,Alex Swift Almaraz,Beginner,Deep (Raw Mix),https://www.youtube.com/watch?v=YE7VzlLtp-4,class-thumbnail-2.jpg
Sidewalk,Alex Swift Almaraz,Intermediate,Starships Demise,https://www.youtube.com/watch?v=YE7VzlLtp-4,class-thumbnail-3.jpg
Footwork 3,Julian Sena,Intermediate,Money In The Grave,https://www.youtube.com/watch?v=YE7VzlLtp-4,class-thumbnail-1.jpg
Rhythm & Musicality 3,Julian Sena,Intermediate,The Night,https://www.youtube.com/watch?v=YE7VzlLtp-4,class-thumbnail-2.jpg
Rhythm & Musicality 4,Julian Sena,Intermediate,Impatient,https://www.youtube.com/watch?v=YE7VzlLtp-4,class-thumbnail-3.jpg
BOP - DaBaby,David Lee,Intermediate,BOP,https://www.youtube.com/watch?v=YE7VzlLtp-4,class-thumbnail-1.jpg
Highest in the Room - Travis Scott,David Lee,Intermediate,HIGHEST IN THE ROOM,https://www.youtube.com/watch?v=YE7VzlLtp-4,class-thumbnail-2.jpg
He Diddy! - Ski Mask The SlumpGod,Julian DeGuzman,Advanced,He Diddy!,https://www.youtube.com/watch?v=YE7VzlLtp-4,class-thumbnail-3.jpg
Westcoast Wednesday - Dr. Evo,Breeze Lee,Beginner,Westcoast Wednesday (feat. OhGoshLeotus),https://www.youtube.com/watch?v=YE7VzlLtp-4,class-thumbnail-1.jpg
That Evo Funk - Dr. Evo,Breeze Lee,Intermediate,That Evo Funk,https://www.youtube.com/watch?v=YE7VzlLtp-4,class-thumbnail-2.jpg
Musicality - Popping Rhythms,Breeze Lee,Intermediate,Boogaloo Blues,https://www.youtube.com/watch?v=YE7VzlLtp-4,class-thumbnail-3.jpg
Slide - H.E.R.,Nicole Kirkland,Advanced,Slide,https://www.youtube.com/watch?v=YE7VzlLtp-4,class-thumbnail-1.jpg
Row The Boat,Jason Facey,Beginner,Row Like A Boat,https://www.youtube.com/watch?v=YE7VzlLtp-4,class-thumbnail-2.jpg
Pon De River,Jason Facey,Beginner,Pon De River Pon De Bank,https://www.youtube.com/watch?v=YE7VzlLtp-4,class-thumbnail-3.jpg
Congrats,Jason Facey,Beginner,Rock & Dip,https://www.youtube.com/watch?v=YE7VzlLtp-4,class-thumbnail-1.jpg
White Glide,Tango Leadaz,Intermediate,When We Party,https://www.youtube.com/watch?v=YE7VzlLtp-4,class-thumbnail-2.jpg
MVP,Tango Leadaz,Intermediate,MVP,https://www.youtube.com/watch?v=YE7VzlLtp-4,class-thumbnail-3.jpg
Saucy,Tango Leadaz,Beginner,Di Sauce,https://www.youtube.com/watch?v=YE7VzlLtp-4,class-thumbnail-1.jpg
If I Can't Get Down - Mike Dunn,Jojo Diggs,Advanced,If I Can't Get Down,https://www.youtube.com/watch?v=YE7VzlLtp-4,class-thumbnail-2.jpg
Fallen - Ike Release,Jojo Diggs,Advanced,Fallen,https://www.youtube.com/watch?v=YE7VzlLtp-4,class-thumbnail-3.jpg
All This Time - Kid Fonque & D-Malice,Jojo Diggs,Advanced,All This Time,https://www.youtube.com/watch?v=YE7VzlLtp-4,class-thumbnail-1.jpg
Jack Technique,Jojo Diggs,Beginner,Sweet Sensual Onion Layers,https://www.youtube.com/watch?v=YE7VzlLtp-4,class-thumbnail-2.jpg
Shuffle Step + Farmer + Farmer Run,Jojo Diggs,Intermediate,"Back Together (AtJazz'a Interpretation),For Tahn",https://www.youtube.com/watch?v=YE7VzlLtp-4,class-thumbnail-3.jpg
15 Min Follow Along,Jojo Diggs,Advanced,"It's House Music (Feel It Mix),On My Way,Sweat No Sleep (Atjazz Astro Remix)",https://www.youtube.com/watch?v=YE7VzlLtp-4,class-thumbnail-1.jpg
Skate + Train,Jojo Diggs,Advanced,Uprise,https://www.youtube.com/watch?v=YE7VzlLtp-4,class-thumbnail-2.jpg
Summer Breeze - Chris Brown,Mykell Wilson,Advanced,Summer Breeze,https://www.youtube.com/watch?v=YE7VzlLtp-4,class-thumbnail-3.jpg
Hip Hop Warm Up,Brandon BeastBoi Juezan,Beginner,Back & Forth,https://www.youtube.com/watch?v=YE7VzlLtp-4,class-thumbnail-1.jpg
Musicality - 2 Step Bounce Rhythms,Brandon BeastBoi Juezan,Beginner,Scenario - LP Mix,https://www.youtube.com/watch?v=YE7VzlLtp-4,class-thumbnail-2.jpg
Energy Changes,Brandon BeastBoi Juezan,Beginner,Oh Okay (Clean),https://www.youtube.com/watch?v=YE7VzlLtp-4,class-thumbnail-3.jpg
15 Min Follow Along,Alex Swift Almaraz,Beginner,How Fly This Life Is,https://www.youtube.com/watch?v=YE7VzlLtp-4,class-thumbnail-1.jpg
Eights,Alex Swift Almaraz,Intermediate,The Thing About Deep,https://www.youtube.com/watch?v=YE7VzlLtp-4,class-thumbnail-2.jpg
Pas De Bourree Rhythms,Alex Swift Almaraz,Intermediate,Pride (Yoruba Soul Mix),https://www.youtube.com/watch?v=YE7VzlLtp-4,class-thumbnail-3.jpg
Buttons - The Pussycat Dolls,David Slaney,Beginner,Buttons,https://www.youtube.com/watch?v=YE7VzlLtp-4,class-thumbnail-1.jpg
Heels Body Positions,David Slaney,Beginner,"Dangerous,Problem With You (Clean)",https://www.youtube.com/watch?v=YE7VzlLtp-4,class-thumbnail-2.jpg
Basic Grooves and Movement,David Slaney,Beginner,"Freaky (Clean),Shot Clock,How You Want It?",https://www.youtube.com/watch?v=YE7VzlLtp-4,class-thumbnail-3.jpg
BOP - DaBaby,Jay Chris Moore,Intermediate,BOP,https://www.youtube.com/watch?v=YE7VzlLtp-4,class-thumbnail-1.jpg
Yummy - Justin Bieber,David Lee,Intermediate,Yummy,https://www.youtube.com/watch?v=YE7VzlLtp-4,class-thumbnail-2.jpg
Whacking Warmup,Kristin Santiago,Beginner,"Get Your Way,Boys,Retro Funk",https://www.youtube.com/watch?v=YE7VzlLtp-4,class-thumbnail-3.jpg
Fantasy - Mariah Carey,Kristin Santiago,Intermediate,Fantasy,https://www.youtube.com/watch?v=YE7VzlLtp-4,class-thumbnail-1.jpg
Popping Drills,Marie Poppins,Intermediate,"Gossip,DJ Bart,The Final Battle (For Yuns),21Question,Arellius,Let's Get Down,BUMMM,Popping MusicTinman",https://www.youtube.com/watch?v=YE7VzlLtp-4,class-thumbnail-2.jpg
Tutting Concepts,Marie Poppins,Intermediate,"Drip,Get Up Now,RETALIATE",https://www.youtube.com/watch?v=YE7VzlLtp-4,class-thumbnail-3.jpg
Animation Concepts,Marie Poppins,Intermediate,Imagine Warrior,https://www.youtube.com/watch?v=YE7VzlLtp-4,class-thumbnail-1.jpg
Big Fish - Chance The Rapper ft. Gucci Mane,Mykell Wilson,Advanced,Big Fish,https://www.youtube.com/watch?v=YE7VzlLtp-4,class-thumbnail-2.jpg
New Rave,Jason Facey,Beginner,Run Up,https://www.youtube.com/watch?v=YE7VzlLtp-4,class-thumbnail-3.jpg
Sesame Street,Jason Facey,Beginner,Sesame Street,https://www.youtube.com/watch?v=YE7VzlLtp-4,class-thumbnail-1.jpg
Pull Up,Jason Facey,Beginner,Pine and Ginger,https://www.youtube.com/watch?v=YE7VzlLtp-4,class-thumbnail-2.jpg
Cut Dem Off,Jason Facey,Beginner,Cut Dem Off,https://www.youtube.com/watch?v=YE7VzlLtp-4,class-thumbnail-3.jpg
Get Your Shake On - No Good So Good,Phil Wright,Intermediate,Get Your Shake On,https://www.youtube.com/watch?v=YE7VzlLtp-4,class-thumbnail-1.jpg
1. Learn to Move on Beat,David Lee,Beginner,Da Funk,https://www.youtube.com/watch?v=YE7VzlLtp-4,class-thumbnail-2.jpg
2. Weight Shifts,David Lee,Beginner,Zeze,https://www.youtube.com/watch?v=YE7VzlLtp-4,class-thumbnail-3.jpg
3. Basic Steps: Intro & 2 Step,David Lee,Beginner,Put Me On Somethin,https://www.youtube.com/watch?v=YE7VzlLtp-4,class-thumbnail-1.jpg
4. Basic Steps: Cross Step,David Lee,Beginner,Put Me On Somethin,https://www.youtube.com/watch?v=YE7VzlLtp-4,class-thumbnail-2.jpg
5. Basic Steps: Out In,David Lee,Beginner,Put Me On Somethin,https://www.youtube.com/watch?v=YE7VzlLtp-4,class-thumbnail-3.jpg
6. Basic Steps: Hop Together,David Lee,Beginner,Put Me On Somethin,https://www.youtube.com/watch?v=YE7VzlLtp-4,class-thumbnail-1.jpg
7. Basic Steps: Combine All 4 Steps,David Lee,Beginner,"Put Me On Somethin,Light It Up,Go Loko",https://www.youtube.com/watch?v=YE7VzlLtp-4,class-thumbnail-2.jpg
9. Basic Arms: Intro & Jogger Arms,David Lee,Beginner,Privacy,https://www.youtube.com/watch?v=YE7VzlLtp-4,class-thumbnail-3.jpg
10. Basic Arms: Talking Hands,David Lee,Beginner,Privacy,https://www.youtube.com/watch?v=YE7VzlLtp-4,class-thumbnail-1.jpg
11. Basic Arms: Cross Open,David Lee,Beginner,Privacy,https://www.youtube.com/watch?v=YE7VzlLtp-4,class-thumbnail-2.jpg
12. Basic Arms: Pumpies,David Lee,Beginner,"""Juicy Booty ft. Jhené Aiko, R. Kelly""",https://www.youtube.com/watch?v=YE7VzlLtp-4,class-thumbnail-3.jpg
13. Basic Arms: Open Close,David Lee,Beginner,"""Juicy Booty ft. Jhené Aiko, R. Kelly""",https://www.youtube.com/watch?v=YE7VzlLtp-4,class-thumbnail-1.jpg
15. Basic Moves: Intro & Weight Shift + Jogger Arms,David Lee,Beginner,Right Thurr,https://www.youtube.com/watch?v=YE7VzlLtp-4,class-thumbnail-2.jpg
16. Basic Moves: 2 Step + Pumpies,David Lee,Beginner,Right Thurr,https://www.youtube.com/watch?v=YE7VzlLtp-4,class-thumbnail-3.jpg
17. Basic Moves: Cross Step + Cross Open,David Lee,Beginner,Thank U Next,https://www.youtube.com/watch?v=YE7VzlLtp-4,class-thumbnail-1.jpg
18. Basic Moves: Out In + Talking Hands,David Lee,Beginner,Thank U Next,https://www.youtube.com/watch?v=YE7VzlLtp-4,class-thumbnail-2.jpg
19. Basic Moves: Hop Together + L-Shape Open Close,David Lee,Beginner,Nice For What,https://www.youtube.com/watch?v=YE7VzlLtp-4,class-thumbnail-3.jpg
20. Basic Moves: Combine All 5 Moves To Different Songs,David Lee,Beginner,Nice For What,https://www.youtube.com/watch?v=YE7VzlLtp-4,class-thumbnail-1.jpg
21. Basic Moves: Challenge,David Lee,Beginner,"Right Thurr,Thank U Next",https://www.youtube.com/watch?v=YE7VzlLtp-4,class-thumbnail-2.jpg
22. Add Bounces: Intro & 2 Step + Bounce,David Lee,Beginner,PIE,https://www.youtube.com/watch?v=YE7VzlLtp-4,class-thumbnail-3.jpg
23. Add Bounces: Lunge Bounce,David Lee,Beginner,PIE,https://www.youtube.com/watch?v=YE7VzlLtp-4,class-thumbnail-1.jpg
24. Add Bounces: Hop Step Bounce,David Lee,Beginner,PIE,https://www.youtube.com/watch?v=YE7VzlLtp-4,class-thumbnail-2.jpg
25. Add Bounces: Challenge,David Lee,Beginner,PIE,https://www.youtube.com/watch?v=YE7VzlLtp-4,class-thumbnail-3.jpg
26. Body Rolls: Intro & Top To Bottom,David Lee,Beginner,OTW,https://www.youtube.com/watch?v=YE7VzlLtp-4,class-thumbnail-1.jpg
27. Body Rolls: Bottom To Top,David Lee,Beginner,OTW,https://www.youtube.com/watch?v=YE7VzlLtp-4,class-thumbnail-2.jpg
28. Body Rolls: Side to Sit,David Lee,Beginner,OTW,https://www.youtube.com/watch?v=YE7VzlLtp-4,class-thumbnail-3.jpg
29. Body Rolls: Body Roll + Steps,David Lee,Beginner,OTW,https://www.youtube.com/watch?v=YE7VzlLtp-4,class-thumbnail-1.jpg
30. Body Rolls: Body Roll + Hop Steps,David Lee,Beginner,OTW,https://www.youtube.com/watch?v=YE7VzlLtp-4,class-thumbnail-2.jpg
31. Body Rolls: Challenge,David Lee,Beginner,PIE,https://www.youtube.com/watch?v=YE7VzlLtp-4,class-thumbnail-3.jpg
32. Level 2 Moves: Intro & Kick Ball Change + Front In Out,David Lee,Beginner,Dance With Me,https://www.youtube.com/watch?v=YE7VzlLtp-4,class-thumbnail-1.jpg
33. Level 2 Moves: Grapevine + Jogger Arms,David Lee,Beginner,Finesse,https://www.youtube.com/watch?v=YE7VzlLtp-4,class-thumbnail-2.jpg
34. Level 2 Moves: Rond de Jambe + Chug Swipe,David Lee,Beginner,Tap Out,https://www.youtube.com/watch?v=YE7VzlLtp-4,class-thumbnail-3.jpg
35. Level 2 Moves: Combine All 3 Moves,David Lee,Beginner,Goodies,https://www.youtube.com/watch?v=YE7VzlLtp-4,class-thumbnail-1.jpg
36. Level 2 Moves: Drill to 4 Songs,David Lee,Beginner,"Dance With Me,Finesse,Tap Out,Goodies",https://www.youtube.com/watch?v=YE7VzlLtp-4,class-thumbnail-2.jpg
38. Level 1&2 Moves: Combine All Moves,David Lee,Beginner,"Finesse,Dance With Me,Goodies,Tap Out",https://www.youtube.com/watch?v=YE7VzlLtp-4,class-thumbnail-3.jpg
39. Choreography Using All Moves,David Lee,Beginner,Lottery,https://www.youtube.com/watch?v=YE7VzlLtp-4,class-thumbnail-1.jpg
Get Back Right - Lecrae,Jawn Ha,Advanced,Get Back Right,https://www.youtube.com/watch?v=YE7VzlLtp-4,class-thumbnail-2.jpg
Blue Ribbon - Jessie Reyez,Ellen Kim,Advanced,Blue Ribbon,https://www.youtube.com/watch?v=YE7VzlLtp-4,class-thumbnail-3.jpg
Dalla Dalla - Itzy,Brian Friedman,Advanced,Dalla Dalla,https://www.youtube.com/watch?v=YE7VzlLtp-4,class-thumbnail-1.jpg
Heat - Chris Brown,CJ Salvador,Advanced,Heat,https://www.youtube.com/watch?v=YE7VzlLtp-4,class-thumbnail-2.jpg
Holy Grail - Marcellus Juvann,Brian Puspos,Advanced,Holy Grail,https://www.youtube.com/watch?v=YE7VzlLtp-4,class-thumbnail-3.jpg
Frustrated - TroyBoi Ft. Destiny,Fik-Shun,Advanced,Frustrated,https://www.youtube.com/watch?v=YE7VzlLtp-4,class-thumbnail-1.jpg
REDMERCEDES - Amine,Bailey Sok,Advanced,REDMERCEDES,https://www.youtube.com/watch?v=YE7VzlLtp-4,class-thumbnail-2.jpg
Wow - Post Malone,David Lee,Beginner,Wow.,https://www.youtube.com/watch?v=YE7VzlLtp-4,class-thumbnail-3.jpg
Kokamoe Freestyle - Goldlink,David Lee,Intermediate,Kokamoe Freestyle,https://www.youtube.com/watch?v=YE7VzlLtp-4,class-thumbnail-1.jpg
Groove Combo: Popular Hip Hop Songs,David Lee,Beginner,Money In The Grave,https://www.youtube.com/watch?v=YE7VzlLtp-4,class-thumbnail-2.jpg
Side To Side Stanky Leg,Bianca Vallar,Beginner,Shackles (Praise You),https://www.youtube.com/watch?v=YE7VzlLtp-4,class-thumbnail-3.jpg
Heel Pivot Step,Bianca Vallar,Beginner,What's Luv?,https://www.youtube.com/watch?v=YE7VzlLtp-4,class-thumbnail-1.jpg
Side To Side Rock,Bianca Vallar,Beginner,Where The Party At,https://www.youtube.com/watch?v=YE7VzlLtp-4,class-thumbnail-2.jpg
Front & Back Hip Sways,Bianca Vallar,Beginner,Back & Forth,https://www.youtube.com/watch?v=YE7VzlLtp-4,class-thumbnail-3.jpg
Figure 8 Sways,Bianca Vallar,Beginner,Pon de Replay,https://www.youtube.com/watch?v=YE7VzlLtp-4,class-thumbnail-1.jpg
Cross Open Scoop,Bianca Vallar,Beginner,Hot In Herre,https://www.youtube.com/watch?v=YE7VzlLtp-4,class-thumbnail-2.jpg
Slides,Bianca Vallar,Beginner,Rock Wit You (Awww Baby),https://www.youtube.com/watch?v=YE7VzlLtp-4,class-thumbnail-3.jpg
Clamshells,Bianca Vallar,Beginner,Bump Bump Bump,https://www.youtube.com/watch?v=YE7VzlLtp-4,class-thumbnail-1.jpg
Monestary,Bianca Vallar,Beginner,Right Thurr,https://www.youtube.com/watch?v=YE7VzlLtp-4,class-thumbnail-2.jpg
The Electric Slide,Bianca Vallar,Beginner,The Way You Move,https://www.youtube.com/watch?v=YE7VzlLtp-4,class-thumbnail-3.jpg
Me & U - Cassie,Harlie Ramirez,Beginner,Me & U,https://www.youtube.com/watch?v=YE7VzlLtp-4,class-thumbnail-1.jpg
"10,000 Hours - Ella Mai",Harlie Ramirez,Intermediate,"""10,000 Hours""",https://www.youtube.com/watch?v=YE7VzlLtp-4,class-thumbnail-2.jpg
20 Min Grooves,Harlie Ramirez,Beginner,Feenin,https://www.youtube.com/watch?v=YE7VzlLtp-4,class-thumbnail-3.jpg
Side Flow,Jason Facey,Beginner,Clean Like Jesus,https://www.youtube.com/watch?v=YE7VzlLtp-4,class-thumbnail-1.jpg
Celebrate,Tango Leadaz,Beginner,W,https://www.youtube.com/watch?v=YE7VzlLtp-4,class-thumbnail-2.jpg
Tour Di City,Tango Leadaz,Beginner,Happy Time,https://www.youtube.com/watch?v=YE7VzlLtp-4,class-thumbnail-3.jpg
Move Dem Up,Tango Leadaz,Beginner,Gun Show Riddim,https://www.youtube.com/watch?v=YE7VzlLtp-4,class-thumbnail-1.jpg
Gimme Space,Tango Leadaz,Beginner,Street Vybz Riddim,https://www.youtube.com/watch?v=YE7VzlLtp-4,class-thumbnail-2.jpg
New York New York,Tango Leadaz,Beginner,12 Gauge Riddim (instrumental),https://www.youtube.com/watch?v=YE7VzlLtp-4,class-thumbnail-3.jpg
Heel Toe,Breeze Lee,Beginner,God Made Me Phunky,https://www.youtube.com/watch?v=YE7VzlLtp-4,class-thumbnail-1.jpg
Footwork Workout 1,Breeze Lee,Intermediate,"Second Wind,Legend of Papachongo,Bring Me Love",https://www.youtube.com/watch?v=YE7VzlLtp-4,class-thumbnail-2.jpg
House Follow Along,Breeze Lee,Advanced,"Step Out,The Cure & The Cause,God Made Me Phunky (Karizma Re-Dub)",https://www.youtube.com/watch?v=YE7VzlLtp-4,class-thumbnail-3.jpg
Basic Arm Rolls,Lily Frias,Beginner,"""I Know You, I Live You"",Oyelo - Cocflo's Brimbau Mix,Reckless (with your love),Star Love,All For Love (ft. Bucie)",https://www.youtube.com/watch?v=YE7VzlLtp-4,class-thumbnail-1.jpg
Arm Roll Variation,Lily Frias,Beginner,"Rockets (mOma+guy Remix),Don't Start Now,It's Not Right But It's Okay - Thunderpuss Mix,Vamanos Pal Monte,I Believe In Miracles -  Broken Party Animal Mix,Hanging Tough",https://www.youtube.com/watch?v=YE7VzlLtp-4,class-thumbnail-2.jpg
Boogaloo Rolls + Variation,Dassy Lee,Intermediate,"Freak In Me ft. Heather Hunter A L (Instrumental),Before You Leave,Nights (Feel Like Getting Down),Peaches & Cream (Instrumental)",https://www.youtube.com/watch?v=YE7VzlLtp-4,class-thumbnail-3.jpg
Free From These Chains - otxhello,Dassy Lee,Intermediate,Free From These Chains,https://www.youtube.com/watch?v=YE7VzlLtp-4,class-thumbnail-1.jpg
Isolations + King Cobra,Dassy Lee,Beginner,"Dilemma (miiiiito POPPING REMIX),Blessed,I Humbly Say Thank You!,G.I. Joe",https://www.youtube.com/watch?v=YE7VzlLtp-4,class-thumbnail-2.jpg
Musicality - Pops,Slim Boogie,Beginner,WCMUD (Zapp Re-Work),https://www.youtube.com/watch?v=YE7VzlLtp-4,class-thumbnail-3.jpg
Musicality - Twists + Fixed Points,Slim Boogie,Beginner,Sweet Melody Feat. GGQueen Prod Mofak,https://www.youtube.com/watch?v=YE7VzlLtp-4,class-thumbnail-1.jpg
Musicality - Dime Stops,Slim Boogie,Beginner,SLUM VILLAGE - SELFISH (MSSWLL & ELTEE 4AM MIX),https://www.youtube.com/watch?v=YE7VzlLtp-4,class-thumbnail-2.jpg
Salsa Basic,Jojo Diggs,Beginner,Azul (Incl. Phil Asher Mix),https://www.youtube.com/watch?v=YE7VzlLtp-4,class-thumbnail-3.jpg
The Wiz,Jojo Diggs,Beginner,Let Me Love You,https://www.youtube.com/watch?v=YE7VzlLtp-4,class-thumbnail-1.jpg
Salsa Step,Jojo Diggs,Beginner,Carib's Leap,https://www.youtube.com/watch?v=YE7VzlLtp-4,class-thumbnail-2.jpg
Mountain Climber,Jojo Diggs,Beginner,Moonlight (Extended Mix),https://www.youtube.com/watch?v=YE7VzlLtp-4,class-thumbnail-3.jpg
Tip Tap Toe,Jojo Diggs,Beginner,Fading Away,https://www.youtube.com/watch?v=YE7VzlLtp-4,class-thumbnail-1.jpg
Disco Step,Jojo Diggs,Beginner,Stuck,https://www.youtube.com/watch?v=YE7VzlLtp-4,class-thumbnail-2.jpg
Baracho,Jojo Diggs,Beginner,Can You Feel It (Original Afro Samba Music),https://www.youtube.com/watch?v=YE7VzlLtp-4,class-thumbnail-3.jpg
Tap Kick,Jojo Diggs,Beginner,Open Road,https://www.youtube.com/watch?v=YE7VzlLtp-4,class-thumbnail-1.jpg
Swivel,Jojo Diggs,Beginner,Dominique Fils-Aimé - Sun Rise (Atjazz Remix),https://www.youtube.com/watch?v=YE7VzlLtp-4,class-thumbnail-2.jpg
Steve Martin,Brandon BeastBoi Juezan,Beginner,Everyday People,https://www.youtube.com/watch?v=YE7VzlLtp-4,class-thumbnail-3.jpg
Walk It Out,Brandon BeastBoi Juezan,Beginner,Walk It Out,https://www.youtube.com/watch?v=YE7VzlLtp-4,class-thumbnail-1.jpg
Spongebob,Brandon BeastBoi Juezan,Beginner,So Dope,https://www.youtube.com/watch?v=YE7VzlLtp-4,class-thumbnail-2.jpg
Wu Tang,Brandon BeastBoi Juezan,Beginner,"""Lights, Camera, Action""",https://www.youtube.com/watch?v=YE7VzlLtp-4,class-thumbnail-3.jpg
Tone Wop,Brandon BeastBoi Juezan,Beginner,Special Delivery,https://www.youtube.com/watch?v=YE7VzlLtp-4,class-thumbnail-1.jpg
Milly Rock,Brandon BeastBoi Juezan,Beginner,Milly Rock,https://www.youtube.com/watch?v=YE7VzlLtp-4,class-thumbnail-2.jpg
Hit Dem Folks,Brandon BeastBoi Juezan,Beginner,All In,https://www.youtube.com/watch?v=YE7VzlLtp-4,class-thumbnail-3.jpg
Get It Shawty - Lloyd,Sorah Yang,Intermediate,Get It Shawty,https://www.youtube.com/watch?v=YE7VzlLtp-4,class-thumbnail-1.jpg
3 Min Stretch & Warm Up,David Slaney,Beginner,Stretch You Out ft. A Boogie wit da Hoodie,https://www.youtube.com/watch?v=YE7VzlLtp-4,class-thumbnail-2.jpg
5 Min Stretch & Warm Up,David Slaney,Beginner,Body,https://www.youtube.com/watch?v=YE7VzlLtp-4,class-thumbnail-3.jpg
Getting Down to & Up from the Floor,David Slaney,Beginner,Jerry Sprunger (with T-Pain),https://www.youtube.com/watch?v=YE7VzlLtp-4,class-thumbnail-1.jpg
No Guidance (feat. Drake),David Slaney,Intermediate,No Guidance (feat. Drake),https://www.youtube.com/watch?v=YE7VzlLtp-4,class-thumbnail-2.jpg
Visualize - SoMo,Jun Quemado,Advanced,Visualize,https://www.youtube.com/watch?v=YE7VzlLtp-4,class-thumbnail-3.jpg
Casio - Jungle ,Kristin Santiago,Beginner,Casio,https://www.youtube.com/watch?v=YE7VzlLtp-4,class-thumbnail-1.jpg
Overhead + Lines Follow Along,Kristin Santiago,Beginner,Yeah Yeah Yeah  ,https://www.youtube.com/watch?v=YE7VzlLtp-4,class-thumbnail-2.jpg
Rolls + 2 Step Follow Along,Kristin Santiago,Intermediate,Chances (ft. Shay Lia),https://www.youtube.com/watch?v=YE7VzlLtp-4,class-thumbnail-3.jpg
Time Today - BJ The Chicago Kid ,Brian Puspos,Advanced,Time Today,https://www.youtube.com/watch?v=YE7VzlLtp-4,class-thumbnail-1.jpg
Playground,Jason Facey,Beginner,Brik Pan Brik,https://www.youtube.com/watch?v=YE7VzlLtp-4,class-thumbnail-2.jpg
Adjust,Jason Facey,Beginner,Ye,https://www.youtube.com/watch?v=YE7VzlLtp-4,class-thumbnail-3.jpg
Yardie,Jason Facey,Beginner,Style,https://www.youtube.com/watch?v=YE7VzlLtp-4,class-thumbnail-1.jpg
Walk ,Jason Facey,Beginner,Walk,https://www.youtube.com/watch?v=YE7VzlLtp-4,class-thumbnail-2.jpg
Calm Dem Down,Tango Leadaz,Beginner,Calm Dem Down,https://www.youtube.com/watch?v=YE7VzlLtp-4,class-thumbnail-3.jpg
Chap Dem,Tango Leadaz,Beginner,Chap Dem,https://www.youtube.com/watch?v=YE7VzlLtp-4,class-thumbnail-1.jpg
Bop Bop,Tango Leadaz,Beginner,Drone Dem Riddim Instrumentals (Official Remake),https://www.youtube.com/watch?v=YE7VzlLtp-4,class-thumbnail-2.jpg
Equaflow,Tango Leadaz,Beginner,Happy Hour Riddim (Instrumental),https://www.youtube.com/watch?v=YE7VzlLtp-4,class-thumbnail-3.jpg
Popping Follow Along,Boogie Frantick,Beginner,Time,https://www.youtube.com/watch?v=YE7VzlLtp-4,class-thumbnail-1.jpg
Time,Boogie Frantick,Beginner,Music (Remix) feat. Keith Murray & Redman,https://www.youtube.com/watch?v=YE7VzlLtp-4,class-thumbnail-2.jpg
Popping Workout,Boogie Frantick,Beginner,Love Invaders,https://www.youtube.com/watch?v=YE7VzlLtp-4,class-thumbnail-3.jpg
Revenge - Joyner Lucas,Sorah Yang,Advanced,Revenge,https://www.youtube.com/watch?v=YE7VzlLtp-4,class-thumbnail-1.jpg
Lines + Rolls,Lorena Valenzuela,Intermediate,Keep The Fire Burning (Roger Sanchez Underground Network Dub),https://www.youtube.com/watch?v=YE7VzlLtp-4,class-thumbnail-2.jpg
Rolls + Pictures ,Lorena Valenzuela,Beginner,I Feel Good (Sjef Rolet Disco-Mix),https://www.youtube.com/watch?v=YE7VzlLtp-4,class-thumbnail-3.jpg
Cool Off - Missy Elliot,Lorena Valenzuela,Intermediate,Cool Off,https://www.youtube.com/watch?v=YE7VzlLtp-4,class-thumbnail-1.jpg
Review Basic Moves,David Lee,Beginner,Nice For What,https://www.youtube.com/watch?v=YE7VzlLtp-4,class-thumbnail-2.jpg
Review Choreography,David Lee,Beginner,Lottery,https://www.youtube.com/watch?v=YE7VzlLtp-4,class-thumbnail-3.jpg
Twistoflex + Toyman Warm Up,Dnoi,Beginner,Shut Up When You Speak,https://www.youtube.com/watch?v=YE7VzlLtp-4,class-thumbnail-1.jpg
Shut Up When You Speak,Dnoi,Intermediate,Shut Up When You Speak,https://www.youtube.com/watch?v=YE7VzlLtp-4,class-thumbnail-2.jpg
Gangstagram,Dnoi,Intermediate,Gangstagram,https://www.youtube.com/watch?v=YE7VzlLtp-4,class-thumbnail-3.jpg
No Commas - D Smoke,Mikey DellaVella,Advanced,No Commas,https://www.youtube.com/watch?v=YE7VzlLtp-4,class-thumbnail-1.jpg
MyBoi (Troyboi Remix),Femme Fatale,Advanced,MyBoi (TroyBoi Remix),https://www.youtube.com/watch?v=YE7VzlLtp-4,class-thumbnail-2.jpg
CitiRokk,CitiBoyRio,Beginner,CitiRokk Anthem,https://www.youtube.com/watch?v=YE7VzlLtp-4,class-thumbnail-3.jpg
CitiRokk Shuffle - CitiRokk Anthem ,CitiBoyRio,Beginner,CitiRokk Anthem,https://www.youtube.com/watch?v=YE7VzlLtp-4,class-thumbnail-1.jpg
3 Vets - The Future Kingz,The Future Kingz,Advanced,3 Vets,https://www.youtube.com/watch?v=YE7VzlLtp-4,class-thumbnail-2.jpg
10 Min Heels Warm Up,David Slaney,Beginner,Satisfy My Love,https://www.youtube.com/watch?v=YE7VzlLtp-4,class-thumbnail-3.jpg
Slide - H.E.R,David Slaney,Beginner,Slide,https://www.youtube.com/watch?v=YE7VzlLtp-4,class-thumbnail-1.jpg
15 Min Heels Warm Up,David Slaney,Beginner,Period (We Live),https://www.youtube.com/watch?v=YE7VzlLtp-4,class-thumbnail-2.jpg
Over It - Summer walker ,David Slaney,Intermediate,Over It,https://www.youtube.com/watch?v=YE7VzlLtp-4,class-thumbnail-3.jpg
Yikes - Nicki Minaj,Nicole Kirkland,Advanced,Yikes,https://www.youtube.com/watch?v=YE7VzlLtp-4,class-thumbnail-1.jpg
Cosby Walk,Rated R,Beginner,3 Vets,https://www.youtube.com/watch?v=YE7VzlLtp-4,class-thumbnail-2.jpg
Whip + Nae Nae,Brandon BeastBoi Juezan,Beginner,Nasty Freestyle,https://www.youtube.com/watch?v=YE7VzlLtp-4,class-thumbnail-3.jpg
Hit The Quan,Brandon BeastBoi Juezan,Beginner,Hit The Quan,https://www.youtube.com/watch?v=YE7VzlLtp-4,class-thumbnail-1.jpg
Jerk,Brandon BeastBoi Juezan,Beginner,Tool Time,https://www.youtube.com/watch?v=YE7VzlLtp-4,class-thumbnail-2.jpg
Reject,Brandon BeastBoi Juezan,Beginner,You're a Jerk,https://www.youtube.com/watch?v=YE7VzlLtp-4,class-thumbnail-3.jpg
Dougie,Brandon BeastBoi Juezan,Beginner,Teach Me How To Dougie,https://www.youtube.com/watch?v=YE7VzlLtp-4,class-thumbnail-1.jpg
Woah,Brandon BeastBoi Juezan,Beginner,Lottery,https://www.youtube.com/watch?v=YE7VzlLtp-4,class-thumbnail-2.jpg
Groove Warm Up,Brandon BeastBoi Juezan,Beginner,Wow Freestyle Ft. Kendrick Lamar,https://www.youtube.com/watch?v=YE7VzlLtp-4,class-thumbnail-3.jpg
Viral Dance Follow Along,Brandon BeastBoi Juezan,Beginner,Paramedic!,https://www.youtube.com/watch?v=YE7VzlLtp-4,class-thumbnail-1.jpg
"SexBeat - Usher, Lil Jon, Ludacris ",Brian Puspos,Advanced,SexBeat,https://www.youtube.com/watch?v=YE7VzlLtp-4,class-thumbnail-2.jpg
Can I - Tiffany Gouche,Ysabelle Capitule,Advanced,Can I,https://www.youtube.com/watch?v=YE7VzlLtp-4,class-thumbnail-3.jpg
Super Bass - Nicki Minaj,Ellen Kim,Advanced,Super Bass,https://www.youtube.com/watch?v=YE7VzlLtp-4,class-thumbnail-1.jpg
Can You Hear Me - Omarion Feat. T-Pain,Phil Wright,Advanced,Can You Hear Me,https://www.youtube.com/watch?v=YE7VzlLtp-4,class-thumbnail-2.jpg
"Bacc At It Again - Yella Beezy, Quavo, Gucci Mane",J Blaze,Advanced,Bacc At It Again,https://www.youtube.com/watch?v=YE7VzlLtp-4,class-thumbnail-3.jpg
Donk - Soulja Boy,J Blaze,Advanced,Donk,https://www.youtube.com/watch?v=YE7VzlLtp-4,class-thumbnail-1.jpg
Rockstar - DaBaby feat. Roddy Ricch,Nicole Kirkland,Advanced,Rockstar,https://www.youtube.com/watch?v=YE7VzlLtp-4,class-thumbnail-2.jpg
Lost - Beam,CJ Salvador,Advanced,Lost,https://www.youtube.com/watch?v=YE7VzlLtp-4,class-thumbnail-3.jpg
Beauty In The Benz - Torey Lanez (feat. Snoop Dogg),Delaney Glazer,Advanced,Beauty In The Benz,https://www.youtube.com/watch?v=YE7VzlLtp-4,class-thumbnail-1.jpg
Welcome To The Party (Remix) - Pop Smoke ft. Nicki Minaj,Sienna Lalau,Advanced,Welcome To The Party (Remix),https://www.youtube.com/watch?v=YE7VzlLtp-4,class-thumbnail-2.jpg
Conceited - Remy Ma (The Lab Mix),Sienna Lalau,Advanced,Conceited (The Lab Mix),https://www.youtube.com/watch?v=YE7VzlLtp-4,class-thumbnail-3.jpg
Take It Out On Me - Justin Bieber,Alexander Chung,Advanced,Take It Out On Me,https://www.youtube.com/watch?v=YE7VzlLtp-4,class-thumbnail-1.jpg
Nasa - Y2,CJ Salvador,Advanced,Nasa,https://www.youtube.com/watch?v=YE7VzlLtp-4,class-thumbnail-2.jpg
Don't Waste My Time - Usher ft. Ella Mai,David Slaney,Intermediate,Don't Waste My Time,https://www.youtube.com/watch?v=YE7VzlLtp-4,class-thumbnail-3.jpg
Like That - Doja Cat ft. Gucci Mane,David Slaney,Beginner,Like That,https://www.youtube.com/watch?v=YE7VzlLtp-4,class-thumbnail-1.jpg
Bad Idea - Ariana Grande,David Slaney,Advanced,Bad Idea,https://www.youtube.com/watch?v=YE7VzlLtp-4,class-thumbnail-2.jpg
Check On It (Reggaeton Remix),Sheela Awe,Intermediate,Check On It (Reggaeton Remix),https://www.youtube.com/watch?v=YE7VzlLtp-4,class-thumbnail-3.jpg
The Drip - Kiing Sam,Sheela Awe,Intermediate,The Drip,https://www.youtube.com/watch?v=YE7VzlLtp-4,class-thumbnail-1.jpg
Savage Remix (@cassidycondiee version),Sheela Awe,Intermediate,Savage (Remix),https://www.youtube.com/watch?v=YE7VzlLtp-4,class-thumbnail-2.jpg
"Wake Up Dead - Chris Brown, T Pain",Jun Quemado,Advanced,Wake Up Dead,https://www.youtube.com/watch?v=YE7VzlLtp-4,class-thumbnail-3.jpg
You Got It - Vedo,Jun Quemado,Advanced,You Got It,https://www.youtube.com/watch?v=YE7VzlLtp-4,class-thumbnail-1.jpg
Hot - Young Thug Feat. Gunna ,Lando Wilkins,Advanced,Hot,https://www.youtube.com/watch?v=YE7VzlLtp-4,class-thumbnail-2.jpg
"Touch And Go - Tinashe, 6LACK",Kayla Brenda,Beginner,Touch & Go,https://www.youtube.com/watch?v=YE7VzlLtp-4,class-thumbnail-3.jpg
"Señorita - Shawn Mendes, Camilla Cabello",Kayla Brenda,Intermediate,Señorita,https://www.youtube.com/watch?v=YE7VzlLtp-4,class-thumbnail-1.jpg
Kill This Love - BLACKPINK,Jing Huang,Intermediate,Kill This Love,https://www.youtube.com/watch?v=YE7VzlLtp-4,class-thumbnail-2.jpg
ABC - The Jackson 5,Patrick SikTrik Viloria,Advanced,ABC,https://www.youtube.com/watch?v=YE7VzlLtp-4,class-thumbnail-3.jpg
You Rock My World - Michael Jackson,Patrick SikTrik Viloria,Intermediate,You Rock My World,https://www.youtube.com/watch?v=YE7VzlLtp-4,class-thumbnail-1.jpg
Move - Little Mix,Brian Friedman,Advanced,Move,https://www.youtube.com/watch?v=YE7VzlLtp-4,class-thumbnail-2.jpg
Yelle - Comme Un Enfant,Brian Friedman,Advanced,Yelle,https://www.youtube.com/watch?v=YE7VzlLtp-4,class-thumbnail-3.jpg
Ice Me Out - Kashdoll,Sheela Awe,Beginner,Ice Me Out,https://www.youtube.com/watch?v=YE7VzlLtp-4,class-thumbnail-1.jpg
Walked In - ULTRADIOX,Sheela Awe,Beginner,Walked In,https://www.youtube.com/watch?v=YE7VzlLtp-4,class-thumbnail-2.jpg
DJ Yames - Mash Up 7,Sheela Awe,Beginner,DJ Yames Mashup 7,https://www.youtube.com/watch?v=YE7VzlLtp-4,class-thumbnail-3.jpg
Own It (C Minor Remix) - Ella Mai,Dexter Carr,Advanced,Own It (C Minor Remix),https://www.youtube.com/watch?v=YE7VzlLtp-4,class-thumbnail-1.jpg
Savage Remix (@naenaetwinsofficial version),NaeNae Twins,Intermediate,Savage (Remix),https://www.youtube.com/watch?v=YE7VzlLtp-4,class-thumbnail-2.jpg