_id,title,instructor,level,songs,videoUrl,thumbnailSlug
5f0bcb7cad9b2a576eb10108,Freezes – Baby Freeze,Bboy Machine,Intermediate,Break Hard Mixtape,https://www.youtube.com/watch?v=YE7VzlLtp-4,class-thumbnail-2.jpg
5f0bcb7cad9b2a576eb10109,Booty (T Mix) - T Pain Ft. Young Cash,Melvin Timtim,Advanced,Booty (T-Mix),https://www.youtube.com/watch?v=YE7VzlLtp-4,class-thumbnail-3.jpg
5f0bcb7cad9b2a576eb1010a,BDash & Konkrete - BK Solo,BDash & Konkrete,Advanced,Solo,https://www.youtube.com/watch?v=YE7VzlLtp-4,class-thumbnail-1.jpg
5f0bcb7cad9b2a576eb1010b,Freezes – The Bridge,Bboy Machine,Intermediate,Break Hard Mixtape,https://www.youtube.com/watch?v=YE7VzlLtp-4,class-thumbnail-3.jpg
5f0bcb7cad9b2a576eb1010c,Kelly Price - Migos Ft. Travis Scott,Ysabelle Capitule,Advanced,Kelly Price,https://www.youtube.com/watch?v=YE7VzlLtp-4,class-thumbnail-2.jpg
5f0bcb7cad9b2a576eb1010d,Imitate - Jeremih & Ty Dolla Sign,Brian Puspos,Advanced,Imitate,https://www.youtube.com/watch?v=YE7VzlLtp-4,class-thumbnail-1.jpg
5f0bcb7cad9b2a576eb1010e,All The Way Turnt Up - Roscoe Dash Ft. Soulja Boy,Taiwan Williams,Advanced,All The Way Turnt Up,https://www.youtube.com/watch?v=YE7VzlLtp-4,class-thumbnail-1.jpg
5f0bcb7cad9b2a576eb1010f,"It's A Vibe - 2 Chainz Ft. Ty Dolla Sign, Trey Songz, Jhene Aiko",CJ Salvador,Advanced,"It's A Vibe",https://www.youtube.com/watch?v=YE7VzlLtp-4,class-thumbnail-3.jpg
5f0bcb7cad9b2a576eb10110,Look Alive - Blocboy JB & Drake,Baiba Klints,Advanced,Look Alive,https://www.youtube.com/watch?v=YE7VzlLtp-4,class-thumbnail-2.jpg
5f0bcb7cad9b2a576eb10111,Okay - Moneybagg Yo Ft. Future,Bam Martin,Advanced,Okay,https://www.youtube.com/watch?v=YE7VzlLtp-4,class-thumbnail-3.jpg
5f0bcb7cad9b2a576eb10112,Bury A Friend - Billie Eilish,Phillip Chbeeb,Advanced,Bury A Friend,https://www.youtube.com/watch?v=YE7VzlLtp-4,class-thumbnail-2.jpg
5f0bcb7cad9b2a576eb10113,Footwork – Russian Kicks,Bboy Machine,Intermediate,Break Hard Mixtape,https://www.youtube.com/watch?v=YE7VzlLtp-4,class-thumbnail-1.jpg
5f0bcb7cad9b2a576eb10114,Deep - Summer Walker,Andye J,Advanced,Deep,https://www.youtube.com/watch?v=YE7VzlLtp-4,class-thumbnail-3.jpg
5f0bcb7cad9b2a576eb10115,TrybeVybe - Konkrete,"""Kevin """"Konkrete"""" Davis""",Advanced,TrybeVybe,https://www.youtube.com/watch?v=YE7VzlLtp-4,class-thumbnail-2.jpg
5f0bcb7cad9b2a576eb10116,"Poppin' - Chris Brown",Baiba Klints,Advanced,"Poppin'",https://www.youtube.com/watch?v=YE7VzlLtp-4,class-thumbnail-1.jpg
5f0bcb7cad9b2a576eb10117,Be Like Me - Lil Pump,Rie Hata,Advanced,Be Like Me,https://www.youtube.com/watch?v=YE7VzlLtp-4,class-thumbnail-3.jpg
5f0bcb7cad9b2a576eb10118,WhySoSerious - Konkrete,"""Kevin """"Konkrete"""" Davis""",Advanced,Why So Serious,https://www.youtube.com/watch?v=YE7VzlLtp-4,class-thumbnail-2.jpg
5f0bcb7cad9b2a576eb10119,RIP To The Parking Lot - T Pain,Rie Hata,Advanced,RIP To The Parking Lot,https://www.youtube.com/watch?v=YE7VzlLtp-4,class-thumbnail-1.jpg
5f0bcb7cad9b2a576eb1011a,Even - Chris Brown,"""Kevin """"Konkrete"""" Davis""",Advanced,Even,https://www.youtube.com/watch?v=YE7VzlLtp-4,class-thumbnail-1.jpg
5f0bcb7cad9b2a576eb1011b,Was Dat - J Blaze,J Blaze,Advanced,Was Dat,https://www.youtube.com/watch?v=YE7VzlLtp-4,class-thumbnail-2.jpg
5f0bcb7cad9b2a576eb1011c,Would You - Pink Sweat$,Brian Puspos,Advanced,Would You,https://www.youtube.com/watch?v=YE7VzlLtp-4,class-thumbnail-3.jpg
5f0bcb7cad9b2a576eb1011d,Bust Down Tutorial (Viral Dance Move),Gabe Padilla,Beginner,Thotiana,https://www.youtube.com/watch?v=YE7VzlLtp-4,class-thumbnail-1.jpg
5f0bcb7cad9b2a576eb1011e,What is the Bust Down?,Gabe Padilla,Beginner,Thotiana,https://www.youtube.com/watch?v=YE7VzlLtp-4,class-thumbnail-2.jpg
5f0bcb7cad9b2a576eb1011f,The Bust Down With A Step,Gabe Padilla,Beginner,Thotiana,https://www.youtube.com/watch?v=YE7VzlLtp-4,class-thumbnail-1.jpg
5f0bcb7cad9b2a576eb10120,Bust Down Tutorial,Gabe Padilla,Beginner,Thotiana,https://www.youtube.com/watch?v=YE7VzlLtp-4,class-thumbnail-3.jpg
5f0bcb7cad9b2a576eb10121,The Bust Down In Different Directions,Gabe Padilla,Beginner,Thotiana,https://www.youtube.com/watch?v=YE7VzlLtp-4,class-thumbnail-2.jpg
5f0bcb7cad9b2a576eb10122,The Bust Down With Different Arms,Gabe Padilla,Beginner,Thotiana,https://www.youtube.com/watch?v=YE7VzlLtp-4,class-thumbnail-3.jpg
5f0bcb7cad9b2a576eb10123,Bicep/Tricep Pop,Slim Boogie,Beginner,Bounce Druma44,https://www.youtube.com/watch?v=YE7VzlLtp-4,class-thumbnail-1.jpg
5f0bcb7cad9b2a576eb10124,Forearm/Wrist Pop,Slim Boogie,Beginner,Bash N Baa,https://www.youtube.com/watch?v=YE7VzlLtp-4,class-thumbnail-2.jpg
5f0bcb7cad9b2a576eb10125,Full Arm Pop,Slim Boogie,Beginner,Devin,https://www.youtube.com/watch?v=YE7VzlLtp-4,class-thumbnail-3.jpg
5f0bcb7cad9b2a576eb10126,Leg Pop,Slim Boogie,Beginner,Earth Wind And Jakeyboy,https://www.youtube.com/watch?v=YE7VzlLtp-4,class-thumbnail-1.jpg
5f0bcb7cad9b2a576eb10127,Torso Pop,Slim Boogie,Beginner,Bash N Baa,https://www.youtube.com/watch?v=YE7VzlLtp-4,class-thumbnail-3.jpg
5f0bcb7cad9b2a576eb10128,Full Body Pop,Slim Boogie,Beginner,Devin,https://www.youtube.com/watch?v=YE7VzlLtp-4,class-thumbnail-1.jpg
5f0bcb7cad9b2a576eb10129,Sexy Walk,Anna Morrell,Beginner,Señorita,https://www.youtube.com/watch?v=YE7VzlLtp-4,class-thumbnail-2.jpg
5f0bcb7cad9b2a576eb1012a,Neck Pop,Slim Boogie,Beginner,fLako_Push,https://www.youtube.com/watch?v=YE7VzlLtp-4,class-thumbnail-2.jpg
5f0bcb7cad9b2a576eb1012b,Booty Dip,Anna Morrell,Beginner,"Don't Cha",https://www.youtube.com/watch?v=YE7VzlLtp-4,class-thumbnail-1.jpg
5f0bcb7cad9b2a576eb1012c,Side To Side Sexy Walk + High & Low Circles,Anna Morrell,Beginner,Peace Sign,https://www.youtube.com/watch?v=YE7VzlLtp-4,class-thumbnail-3.jpg
5f0bcb7cad9b2a576eb1012d,Kangsta Wok,Zaya Sosho,Beginner,Kangsta Wok,https://www.youtube.com/watch?v=YE7VzlLtp-4,class-thumbnail-3.jpg
5f0bcb7cad9b2a576eb1012e,25 Min Groove Combo,David Lee,Intermediate,"Money In The Grave,Taste,Need a Stack,Windows,Pure Water",https://www.youtube.com/watch?v=YE7VzlLtp-4,class-thumbnail-1.jpg
5f0bcb7cad9b2a576eb1012f,My Type (Clean) - Saweetie,David Lee,Intermediate,My Type,https://www.youtube.com/watch?v=YE7VzlLtp-4,class-thumbnail-2.jpg
5f0bcb7cad9b2a576eb10130,Dance Like Beyonce,Harlie Ramirez,Beginner,"Formation,Single Ladies,Partition,Crazy In Love,Diva",https://www.youtube.com/watch?v=YE7VzlLtp-4,class-thumbnail-3.jpg
5f0bcb7cad9b2a576eb10131,Truth Hurts - Lizzo,Harlie Ramirez,Intermediate,Truth Hurts,https://www.youtube.com/watch?v=YE7VzlLtp-4,class-thumbnail-1.jpg
5f0bcb7cad9b2a576eb10132,Captions - Tron Austin,Phil Wright,Intermediate,Captions,https://www.youtube.com/watch?v=YE7VzlLtp-4,class-thumbnail-2.jpg
5f0bcb7cad9b2a576eb10133,Throw It Back - Missy Elliot,David Lee,Intermediate,Throw It Back,https://www.youtube.com/watch?v=YE7VzlLtp-4,class-thumbnail-3.jpg
5f0bcb7cad9b2a576eb10134,Hot Girl Summer - Megan Thee Stallion,David Lee,Beginner,Hot Girl Summer,https://www.youtube.com/watch?v=YE7VzlLtp-4,class-thumbnail-1.jpg
5f0bcb7cad9b2a576eb10135,Milk Down To Open Knees,Anna Morrell,Beginner,Shot Clock,https://www.youtube.com/watch?v=YE7VzlLtp-4,class-thumbnail-3.jpg
5f0bcb7cad9b2a576eb10136,How Do You Want It - Teyana Taylor,David Lee,Intermediate,How You Want It?,https://www.youtube.com/watch?v=YE7VzlLtp-4,class-thumbnail-2.jpg
5f0bcb7cad9b2a576eb10137,Booty Dip + Thigh Touch,Anna Morrell,Beginner,Special Affair,https://www.youtube.com/watch?v=YE7VzlLtp-4,class-thumbnail-2.jpg
5f0bcb7cad9b2a576eb10138,Smeeze,Chonkie,Beginner,Bands,https://www.youtube.com/watch?v=YE7VzlLtp-4,class-thumbnail-1.jpg
5f0bcb7cad9b2a576eb10139,Leg Hike Up + Hip Rolls,Anna Morrell,Beginner,All Nite,https://www.youtube.com/watch?v=YE7VzlLtp-4,class-thumbnail-3.jpg
5f0bcb7cad9b2a576eb1013a,Swipe In + Hip Hit,Anna Morrell,Beginner,Promise,https://www.youtube.com/watch?v=YE7VzlLtp-4,class-thumbnail-1.jpg
5f0bcb7cad9b2a576eb1013b,Walk And Out + Down To Leg,Anna Morrell,Beginner,Radar,https://www.youtube.com/watch?v=YE7VzlLtp-4,class-thumbnail-2.jpg
5f0bcb7cad9b2a576eb1013c,Step Out + Hip Rolls,Anna Morrell,Beginner,Girls Need Love,https://www.youtube.com/watch?v=YE7VzlLtp-4,class-thumbnail-2.jpg
5f0bcb7cad9b2a576eb1013d,Hip Roll + Leg Hike Up + Booty Dip,Anna Morrell,Beginner,"""Nails, Hair, Hips, Heels""",https://www.youtube.com/watch?v=YE7VzlLtp-4,class-thumbnail-1.jpg
5f0bcb7cad9b2a576eb1013e,Como Un Bebe - J Balvin & Bad Bunny,CJ Salvador,Advanced,Como Un Bebe,https://www.youtube.com/watch?v=YE7VzlLtp-4,class-thumbnail-3.jpg
5f0bcb7cad9b2a576eb1013f,Hot Shower - Chance The Rapper,Nicole Kirkland,Advanced,Hot Shower,https://www.youtube.com/watch?v=YE7VzlLtp-4,class-thumbnail-2.jpg
5f0bcb7cad9b2a576eb10140,Wrong Way - Dodgr,Nicole Kirkland,Advanced,Wrong Way,https://www.youtube.com/watch?v=YE7VzlLtp-4,class-thumbnail-3.jpg
5f0bcb7cad9b2a576eb10141,Footwork Training 1,Julian Sena,Beginner,In My Feelings,https://www.youtube.com/watch?v=YE7VzlLtp-4,class-thumbnail-1.jpg
5f0bcb7cad9b2a576eb10142,Drippy - IAMDDB,Chris Martin,Advanced,Drippy,https://www.youtube.com/watch?v=YE7VzlLtp-4,class-thumbnail-2.jpg
5f0bcb7cad9b2a576eb10143,How You Want It 2 - Teyana Taylor,Anna Morrell,Beginner,How You Want It?,https://www.youtube.com/watch?v=YE7VzlLtp-4,class-thumbnail-3.jpg
5f0bcb7cad9b2a576eb10144,Motivation - Normani,Anna Morrell,Intermediate,Motivation,https://www.youtube.com/watch?v=YE7VzlLtp-4,class-thumbnail-1.jpg
5f0bcb7cad9b2a576eb10145,10 Minute Grooves Session,Bianca Vallar,Beginner,"Doo-Wop (That Thing),Vivrant Thing,Madiba Riddim",https://www.youtube.com/watch?v=YE7VzlLtp-4,class-thumbnail-2.jpg
5f0bcb7cad9b2a576eb10146,Juicy - Doja Cat,Nicole Kirkland,Advanced,Juicy,https://www.youtube.com/watch?v=YE7VzlLtp-4,class-thumbnail-3.jpg
5f0bcb7cad9b2a576eb10147,Early 2k - Chris Brown,Brian Puspos,Advanced,Early 2k,https://www.youtube.com/watch?v=YE7VzlLtp-4,class-thumbnail-2.jpg
5f0bcb7cad9b2a576eb10148,Easy - Danileigh,CJ Salvador,Advanced,Easy,https://www.youtube.com/watch?v=YE7VzlLtp-4,class-thumbnail-1.jpg
5f0bcb7cad9b2a576eb10149,My Type - Saweetie,Nicole Kirkland,Advanced,My Type,https://www.youtube.com/watch?v=YE7VzlLtp-4,class-thumbnail-3.jpg
5f0bcb7cad9b2a576eb1014a,Buck X2 - BDash,Jaja Vankova,Advanced,Buck X2,https://www.youtube.com/watch?v=YE7VzlLtp-4,class-thumbnail-1.jpg
5f0bcb7cad9b2a576eb1014b,6 Point Arm Wave,Boogie Frantick,Beginner,Someone I Used To Know (Remix),https://www.youtube.com/watch?v=YE7VzlLtp-4,class-thumbnail-2.jpg
5f0bcb7cad9b2a576eb1014c,Sou Sou - Jidenna,CJ Salvador,Advanced,Sou Sou,https://www.youtube.com/watch?v=YE7VzlLtp-4,class-thumbnail-3.jpg
5f0bcb7cad9b2a576eb1014d,Arm & Body Waves,Boogie Frantick,Beginner,21 Questions,https://www.youtube.com/watch?v=YE7VzlLtp-4,class-thumbnail-1.jpg
5f0bcb7cad9b2a576eb1014e,Trace Wave,Boogie Frantick,Beginner,Aaliyah - Rock The Boat (Remix),https://www.youtube.com/watch?v=YE7VzlLtp-4,class-thumbnail-2.jpg
5f0bcb7cad9b2a576eb1014f,Rock Wave,Boogie Frantick,Beginner,Gutter-Funk,https://www.youtube.com/watch?v=YE7VzlLtp-4,class-thumbnail-3.jpg
5f0bcb7cad9b2a576eb10150,Caught Up - Usher,Jay Chris Moore,Intermediate,Caught Up,https://www.youtube.com/watch?v=YE7VzlLtp-4,class-thumbnail-2.jpg
5f0bcb7cad9b2a576eb10151,Concepts & Storytelling with Waves,Boogie Frantick,Beginner,"I'm Down With You",https://www.youtube.com/watch?v=YE7VzlLtp-4,class-thumbnail-2.jpg
5f0bcb7cad9b2a576eb10152,Omnidirectional Wave,Boogie Frantick,Beginner,Rick Valentine,https://www.youtube.com/watch?v=YE7VzlLtp-4,class-thumbnail-1.jpg
5f0bcb7cad9b2a576eb10153,Heel Toes,Boogie Frantick,Beginner,Walk That Way,https://www.youtube.com/watch?v=YE7VzlLtp-4,class-thumbnail-3.jpg
5f0bcb7cad9b2a576eb10154,Front Slide,Boogie Frantick,Beginner,Cloud Orange,https://www.youtube.com/watch?v=YE7VzlLtp-4,class-thumbnail-1.jpg
5f0bcb7cad9b2a576eb10155,Back Slide,Boogie Frantick,Beginner,Blooming,https://www.youtube.com/watch?v=YE7VzlLtp-4,class-thumbnail-2.jpg
5f0bcb7cad9b2a576eb10156,3 Point Hand Wave,Boogie Frantick,Beginner,"I'm Down With You",https://www.youtube.com/watch?v=YE7VzlLtp-4,class-thumbnail-1.jpg
5f0bcb7cad9b2a576eb10157,8 Point Body Wave,Boogie Frantick,Beginner,Hypnotize (Remix),https://www.youtube.com/watch?v=YE7VzlLtp-4,class-thumbnail-2.jpg
5f0bcb7cad9b2a576eb10158,Shoulder Chest Shoulder Wave,Boogie Frantick,Beginner,Gutter-Funk,https://www.youtube.com/watch?v=YE7VzlLtp-4,class-thumbnail-1.jpg
5f0bcb7cad9b2a576eb10159,Side Body Wave,Boogie Frantick,Beginner,Rick Valentine,https://www.youtube.com/watch?v=YE7VzlLtp-4,class-thumbnail-3.jpg
5f0bcb7cad9b2a576eb1015a,Air Walks,Boogie Frantick,Beginner,Yawn,https://www.youtube.com/watch?v=YE7VzlLtp-4,class-thumbnail-3.jpg
5f0bcb7cad9b2a576eb1015b,12 Point Arm Wave,Boogie Frantick,Beginner,1989,https://www.youtube.com/watch?v=YE7VzlLtp-4,class-thumbnail-3.jpg
5f0bcb7cad9b2a576eb1015c,Side Glide,Boogie Frantick,Beginner,Lamp Lamp,https://www.youtube.com/watch?v=YE7VzlLtp-4,class-thumbnail-1.jpg
5f0bcb7cad9b2a576eb1015d,4 Corners,Boogie Frantick,Beginner,"Lamp Lamp,May Weather",https://www.youtube.com/watch?v=YE7VzlLtp-4,class-thumbnail-2.jpg
5f0bcb7cad9b2a576eb1015e,New School Smurf,Brandon BeastBoi Juezan,Beginner,"Let's Get Down",https://www.youtube.com/watch?v=YE7VzlLtp-4,class-thumbnail-3.jpg
5f0bcb7cad9b2a576eb1015f,Roger Rabbit,Brandon BeastBoi Juezan,Beginner,Poison,https://www.youtube.com/watch?v=YE7VzlLtp-4,class-thumbnail-2.jpg
5f0bcb7cad9b2a576eb10160,Bankhead Bounce,Brandon BeastBoi Juezan,Beginner,Rosa Parks,https://www.youtube.com/watch?v=YE7VzlLtp-4,class-thumbnail-1.jpg
5f0bcb7cad9b2a576eb10161,Prep,Brandon BeastBoi Juezan,Beginner,No Diggity,https://www.youtube.com/watch?v=YE7VzlLtp-4,class-thumbnail-1.jpg
5f0bcb7cad9b2a576eb10162,Bart Simpson,Brandon BeastBoi Juezan,Beginner,What About Your Friends,https://www.youtube.com/watch?v=YE7VzlLtp-4,class-thumbnail-3.jpg
5f0bcb7cad9b2a576eb10163,Running Man,Brandon BeastBoi Juezan,Beginner,Candy Rain,https://www.youtube.com/watch?v=YE7VzlLtp-4,class-thumbnail-3.jpg
5f0bcb7cad9b2a576eb10164,Reebok + Cabbage Patch,Brandon BeastBoi Juezan,Beginner,This Is How We Do It,https://www.youtube.com/watch?v=YE7VzlLtp-4,class-thumbnail-2.jpg
5f0bcb7cad9b2a576eb10165,Grapevine,Brandon BeastBoi Juezan,Beginner,"Ain't Gonna Hurt Nobody",https://www.youtube.com/watch?v=YE7VzlLtp-4,class-thumbnail-1.jpg
5f0bcb7cad9b2a576eb10166,Humpty Dance,Brandon BeastBoi Juezan,Beginner,Humpty Dance,https://www.youtube.com/watch?v=YE7VzlLtp-4,class-thumbnail-2.jpg
5f0bcb7cad9b2a576eb10167,Biz Markie,Brandon BeastBoi Juezan,Beginner,Make The Music,https://www.youtube.com/watch?v=YE7VzlLtp-4,class-thumbnail-3.jpg
5f0bcb7cad9b2a576eb10168,Ned Flanders - MadeinTYO,Carlo Darang,Advanced,Ned Flanders,https://www.youtube.com/watch?v=YE7VzlLtp-4,class-thumbnail-2.jpg
5f0bcb7cad9b2a576eb10169,Swagg Bouncee,Lil Rich Swagg,Beginner,Throw It Back,https://www.youtube.com/watch?v=YE7VzlLtp-4,class-thumbnail-1.jpg
5f0bcb7cad9b2a576eb1016a,House Roger Rabbit,Tony Ray,Beginner,Tonight We Ride,https://www.youtube.com/watch?v=YE7VzlLtp-4,class-thumbnail-3.jpg
5f0bcb7cad9b2a576eb1016b,Right On - Ben Hauke,Tony Ray,Intermediate,Tech This Out Pt. 1,https://www.youtube.com/watch?v=YE7VzlLtp-4,class-thumbnail-1.jpg
5f0bcb7cad9b2a576eb1016c,House Warmup,Tony Ray,Beginner,Right On,https://www.youtube.com/watch?v=YE7VzlLtp-4,class-thumbnail-2.jpg
5f0bcb7cad9b2a576eb1016d,CLONES - Tierra Whack,Josh Price,Advanced,CLONES,https://www.youtube.com/watch?v=YE7VzlLtp-4,class-thumbnail-3.jpg
5f0bcb7cad9b2a576eb1016e,Back By Poppers Demand Part III,Slim Boogie,Intermediate,Back By Poppers Demand - Part 3,https://www.youtube.com/watch?v=YE7VzlLtp-4,class-thumbnail-2.jpg
5f0bcb7cad9b2a576eb1016f,Back By Poppers Demand Part I,Slim Boogie,Intermediate,Back By Poppers Demand - Part 1,https://www.youtube.com/watch?v=YE7VzlLtp-4,class-thumbnail-1.jpg
5f0bcb7cad9b2a576eb10170,Juicy - Doja Cat,David Lee,Intermediate,Juicy,https://www.youtube.com/watch?v=YE7VzlLtp-4,class-thumbnail-3.jpg
5f0bcb7cad9b2a576eb10171,Suge - DaBaby,David Lee,Beginner,Suge,https://www.youtube.com/watch?v=YE7VzlLtp-4,class-thumbnail-1.jpg
5f0bcb7cad9b2a576eb10172,Grove St. Party - Waka Flocka,David Lee,Intermediate,Grove St. Party,https://www.youtube.com/watch?v=YE7VzlLtp-4,class-thumbnail-2.jpg
5f0bcb7cad9b2a576eb10173,Rhythm & Musicality 1,Jessie Ma,Beginner,ATM (Clean),https://www.youtube.com/watch?v=YE7VzlLtp-4,class-thumbnail-3.jpg
5f0bcb7cad9b2a576eb10174,Rhythm & Musicality 2,Clay Boonthanakit,Intermediate,Hallucinations,https://www.youtube.com/watch?v=YE7VzlLtp-4,class-thumbnail-1.jpg
5f0bcb7cad9b2a576eb10175,10 Bands - Joyner Lucas,Brandon BeastBoi Juezan,Intermediate,10 Bands,https://www.youtube.com/watch?v=YE7VzlLtp-4,class-thumbnail-2.jpg
5f0bcb7cad9b2a576eb10176,All About The Benjamins - Bad Boy,Brandon BeastBoi Juezan,Intermediate,All About The Benjamins,https://www.youtube.com/watch?v=YE7VzlLtp-4,class-thumbnail-3.jpg
5f0bcb7cad9b2a576eb10177,Slide - H.E.R.,Bianca Vallar,Beginner,Slide,https://www.youtube.com/watch?v=YE7VzlLtp-4,class-thumbnail-2.jpg
5f0bcb7cad9b2a576eb10178,8 Min Hip Hop Groove Session,Brandon BeastBoi Juezan,Beginner,Hip Hop Hooray The Learning,https://www.youtube.com/watch?v=YE7VzlLtp-4,class-thumbnail-1.jpg
5f0bcb7cad9b2a576eb10179,Motivation - Normani,Bianca Vallar,Beginner,Motivation,https://www.youtube.com/watch?v=YE7VzlLtp-4,class-thumbnail-3.jpg
5f0bcb7cad9b2a576eb1017a,Minute Man - Missy Elliot,Bianca Vallar,Intermediate,Minute Man,https://www.youtube.com/watch?v=YE7VzlLtp-4,class-thumbnail-1.jpg
5f0bcb7cad9b2a576eb1017b,MIRO - Hoody,Tony Ray,Intermediate,MIRO,https://www.youtube.com/watch?v=YE7VzlLtp-4,class-thumbnail-2.jpg
5f0bcb7cad9b2a576eb1017c,House Sidewalk,Tony Ray,Intermediate,Dont You Ever Wonder Why,https://www.youtube.com/watch?v=YE7VzlLtp-4,class-thumbnail-3.jpg
5f0bcb7cad9b2a576eb1017d,House Shuffle,Tony Ray,Intermediate,My Joy,https://www.youtube.com/watch?v=YE7VzlLtp-4,class-thumbnail-1.jpg
5f0bcb7cad9b2a576eb1017e,New School Era Moves,Tango Leadaz,Beginner,"Ohh Lala La,Snapping,Dumpling",https://www.youtube.com/watch?v=YE7VzlLtp-4,class-thumbnail-3.jpg
5f0bcb7cad9b2a576eb1017f,Middle School Era Moves,Tango Leadaz,Beginner,Day Rave Riddim,https://www.youtube.com/watch?v=YE7VzlLtp-4,class-thumbnail-2.jpg
5f0bcb7cad9b2a576eb10180,Gangsta Poplock - West Coast Stone,Dnoi,Beginner,Gangsta Poplock (feat. Brass Hogg),https://www.youtube.com/watch?v=YE7VzlLtp-4,class-thumbnail-2.jpg
5f0bcb7cad9b2a576eb10181,Dreamer - The B. B. & Q. Band,Dnoi,Intermediate,Dreamer - Full Length Mix,https://www.youtube.com/watch?v=YE7VzlLtp-4,class-thumbnail-3.jpg
5f0bcb7cad9b2a576eb10182,Hot Shower - Chance The Rapper (Clean),Brandon BeastBoi Juezan,Intermediate,Hot Shower,https://www.youtube.com/watch?v=YE7VzlLtp-4,class-thumbnail-1.jpg
5f0bcb7cad9b2a576eb10183,Government (Follow the Leader),Tango Leadaz,Beginner,Jonkanoo Riddim,https://www.youtube.com/watch?v=YE7VzlLtp-4,class-thumbnail-1.jpg
5f0bcb7cad9b2a576eb10184,Old Songs,Brandon BeastBoi Juezan,Beginner,"Get It Shawty,Lost Ones",https://www.youtube.com/watch?v=YE7VzlLtp-4,class-thumbnail-2.jpg
5f0bcb7cad9b2a576eb10185,New Songs,Brandon BeastBoi Juezan,Beginner,"It's A Vibe,Tints",https://www.youtube.com/watch?v=YE7VzlLtp-4,class-thumbnail-3.jpg
5f0bcb7cad9b2a576eb10186,Pas De Bourree,Alex Swift Almaraz,Beginner,Sun Rise (Atjazz Remix),https://www.youtube.com/watch?v=YE7VzlLtp-4,class-thumbnail-1.jpg
5f0bcb7cad9b2a576eb10187,Chase + Loose Leg,Alex Swift Almaraz,Beginner,Deep (Raw Mix),https://www.youtube.com/watch?v=YE7VzlLtp-4,class-thumbnail-2.jpg
5f0bcb7cad9b2a576eb10188,Sidewalk,Alex Swift Almaraz,Intermediate,Starships Demise,https://www.youtube.com/watch?v=YE7VzlLtp-4,class-thumbnail-3.jpg
5f0bcb7cad9b2a576eb10189,Rhythm & Musicality 3,Julian Sena,Intermediate,The Night,https://www.youtube.com/watch?v=YE7VzlLtp-4,class-thumbnail-2.jpg
5f0bcb7cad9b2a576eb1018a,Footwork 3,Julian Sena,Intermediate,Money In The Grave,https://www.youtube.com/watch?v=YE7VzlLtp-4,class-thumbnail-1.jpg
5f0bcb7cad9b2a576eb1018b,Rhythm & Musicality 4,Julian Sena,Intermediate,Impatient,https://www.youtube.com/watch?v=YE7VzlLtp-4,class-thumbnail-3.jpg
5f0bcb7cad9b2a576eb1018c,Highest in the Room - Travis Scott,David Lee,Intermediate,HIGHEST IN THE ROOM,https://www.youtube.com/watch?v=YE7VzlLtp-4,class-thumbnail-2.jpg
5f0bcb7cad9b2a576eb1018d,BOP - DaBaby,David Lee,Intermediate,BOP,https://www.youtube.com/watch?v=YE7VzlLtp-4,class-thumbnail-1.jpg
5f0bcb7cad9b2a576eb1018e,That Evo Funk - Dr. Evo,Breeze Lee,Intermediate,That Evo Funk,https://www.youtube.com/watch?v=YE7VzlLtp-4,class-thumbnail-2.jpg
5f0bcb7cad9b2a576eb1018f,Westcoast Wednesday - Dr. Evo,Breeze Lee,Beginner,Westcoast Wednesday (feat. OhGoshLeotus),https://www.youtube.com/watch?v=YE7VzlLtp-4,class-thumbnail-1.jpg
5f0bcb7cad9b2a576eb10190,Musicality - Popping Rhythms,Breeze Lee,Intermediate,Boogaloo Blues,https://www.youtube.com/watch?v=YE7VzlLtp-4,class-thumbnail-3.jpg
5f0bcb7cad9b2a576eb10191,He Diddy! - Ski Mask The SlumpGod,Julian DeGuzman,Advanced,He Diddy!,https://www.youtube.com/watch?v=YE7VzlLtp-4,class-thumbnail-3.jpg
5f0bcb7cad9b2a576eb10192,Slide - H.E.R.,Nicole Kirkland,Advanced,Slide,https://www.youtube.com/watch?v=YE7VzlLtp-4,class-thumbnail-1.jpg
5f0bcb7cad9b2a576eb10193,Row The Boat,Jason Facey,Beginner,Row Like A Boat,https://www.youtube.com/watch?v=YE7VzlLtp-4,class-thumbnail-2.jpg
5f0bcb7cad9b2a576eb10194,Pon De River,Jason Facey,Beginner,Pon De River Pon De Bank,https://www.youtube.com/watch?v=YE7VzlLtp-4,class-thumbnail-3.jpg
5f0bcb7cad9b2a576eb10195,Congrats,Jason Facey,Beginner,Rock & Dip,https://www.youtube.com/watch?v=YE7VzlLtp-4,class-thumbnail-1.jpg
5f0bcb7cad9b2a576eb10196,White Glide,Tango Leadaz,Intermediate,When We Party,https://www.youtube.com/watch?v=YE7VzlLtp-4,class-thumbnail-2.jpg
5f0bcb7cad9b2a576eb10197,MVP,Tango Leadaz,Intermediate,MVP,https://www.youtube.com/watch?v=YE7VzlLtp-4,class-thumbnail-3.jpg
5f0bcb7cad9b2a576eb10198,Saucy,Tango Leadaz,Beginner,Di Sauce,https://www.youtube.com/watch?v=YE7VzlLtp-4,class-thumbnail-1.jpg
5f0bcb7cad9b2a576eb10199,"If I Can't Get Down - Mike Dunn",Jojo Diggs,Advanced,"If I Can't Get Down",https://www.youtube.com/watch?v=YE7VzlLtp-4,class-thumbnail-2.jpg
5f0bcb7cad9b2a576eb1019a,Fallen - Ike Release,Jojo Diggs,Advanced,Fallen,https://www.youtube.com/watch?v=YE7VzlLtp-4,class-thumbnail-3.jpg
5f0bcb7cad9b2a576eb1019b,All This Time - Kid Fonque & D-Malice,Jojo Diggs,Advanced,All This Time,https://www.youtube.com/watch?v=YE7VzlLtp-4,class-thumbnail-1.jpg
5f0bcb7cad9b2a576eb1019c,Jack Technique,Jojo Diggs,Beginner,Sweet Sensual Onion Layers,https://www.youtube.com/watch?v=YE7VzlLtp-4,class-thumbnail-2.jpg
5f0bcb7cad9b2a576eb1019d,Shuffle Step + Farmer + Farmer Run,Jojo Diggs,Intermediate,"Back Together (AtJazz'a Interpretation),For Tahn",https://www.youtube.com/watch?v=YE7VzlLtp-4,class-thumbnail-3.jpg
5f0bcb7cad9b2a576eb1019e,15 Min Follow Along,Jojo Diggs,Advanced,"It's House Music (Feel It Mix),On My Way,Sweat No Sleep (Atjazz Astro Remix)",https://www.youtube.com/watch?v=YE7VzlLtp-4,class-thumbnail-1.jpg
5f0bcb7cad9b2a576eb1019f,Skate + Train,Jojo Diggs,Advanced,Uprise,https://www.youtube.com/watch?v=YE7VzlLtp-4,class-thumbnail-2.jpg
5f0bcb7cad9b2a576eb101a0,Summer Breeze - Chris Brown,Mykell Wilson,Advanced,Summer Breeze,https://www.youtube.com/watch?v=YE7VzlLtp-4,class-thumbnail-3.jpg
5f0bcb7cad9b2a576eb101a1,Hip Hop Warm Up,Brandon BeastBoi Juezan,Beginner,Back & Forth,https://www.youtube.com/watch?v=YE7VzlLtp-4,class-thumbnail-1.jpg
5f0bcb7cad9b2a576eb101a2,Musicality - 2 Step Bounce Rhythms,Brandon BeastBoi Juezan,Beginner,Scenario - LP Mix,https://www.youtube.com/watch?v=YE7VzlLtp-4,class-thumbnail-2.jpg
5f0bcb7cad9b2a576eb101a3,Energy Changes,Brandon BeastBoi Juezan,Beginner,Oh Okay (Clean),https://www.youtube.com/watch?v=YE7VzlLtp-4,class-thumbnail-3.jpg
5f0bcb7cad9b2a576eb101a4,15 Min Follow Along,Alex Swift Almaraz,Beginner,How Fly This Life Is,https://www.youtube.com/watch?v=YE7VzlLtp-4,class-thumbnail-1.jpg
5f0bcb7cad9b2a576eb101a5,Eights,Alex Swift Almaraz,Intermediate,The Thing About Deep,https://www.youtube.com/watch?v=YE7VzlLtp-4,class-thumbnail-2.jpg
5f0bcb7cad9b2a576eb101a6,Buttons - The Pussycat Dolls,David Slaney,Beginner,Buttons,https://www.youtube.com/watch?v=YE7VzlLtp-4,class-thumbnail-1.jpg
5f0bcb7cad9b2a576eb101a7,Pas De Bourree Rhythms,Alex Swift Almaraz,Intermediate,Pride (Yoruba Soul Mix),https://www.youtube.com/watch?v=YE7VzlLtp-4,class-thumbnail-3.jpg
5f0bcb7cad9b2a576eb101a8,Heels Body Positions,David Slaney,Beginner,"Dangerous,Problem With You (Clean)",https://www.youtube.com/watch?v=YE7VzlLtp-4,class-thumbnail-2.jpg
5f0bcb7cad9b2a576eb101a9,Basic Grooves and Movement,David Slaney,Beginner,"Freaky (Clean),Shot Clock,How You Want It?",https://www.youtube.com/watch?v=YE7VzlLtp-4,class-thumbnail-3.jpg
5f0bcb7cad9b2a576eb101aa,BOP - DaBaby,Jay Chris Moore,Intermediate,BOP,https://www.youtube.com/watch?v=YE7VzlLtp-4,class-thumbnail-1.jpg
5f0bcb7cad9b2a576eb101ab,Yummy - Justin Bieber,David Lee,Intermediate,Yummy,https://www.youtube.com/watch?v=YE7VzlLtp-4,class-thumbnail-2.jpg
5f0bcb7cad9b2a576eb101ac,Whacking Warmup,Kristin Santiago,Beginner,"Get Your Way,Boys,Retro Funk",https://www.youtube.com/watch?v=YE7VzlLtp-4,class-thumbnail-3.jpg
5f0bcb7cad9b2a576eb101ad,Fantasy - Mariah Carey,Kristin Santiago,Intermediate,Fantasy,https://www.youtube.com/watch?v=YE7VzlLtp-4,class-thumbnail-1.jpg
5f0bcb7cad9b2a576eb101ae,Popping Drills,Marie Poppins,Intermediate,"Gossip,DJ Bart,The Final Battle (For Yuns),21Question,Arellius,Let's Get Down,BUMMM,Popping MusicTinman",https://www.youtube.com/watch?v=YE7VzlLtp-4,class-thumbnail-2.jpg
5f0bcb7cad9b2a576eb101af,Tutting Concepts,Marie Poppins,Intermediate,"Drip,Get Up Now,RETALIATE",https://www.youtube.com/watch?v=YE7VzlLtp-4,class-thumbnail-3.jpg
5f0bcb7cad9b2a576eb101b0,Animation Concepts,Marie Poppins,Intermediate,Imagine Warrior,https://www.youtube.com/watch?v=YE7VzlLtp-4,class-thumbnail-1.jpg
5f0bcb7cad9b2a576eb101b1,Big Fish - Chance The Rapper ft. Gucci Mane,Mykell Wilson,Advanced,Big Fish,https://www.youtube.com/watch?v=YE7VzlLtp-4,class-thumbnail-2.jpg
5f0bcb7cad9b2a576eb101b2,New Rave,Jason Facey,Beginner,Run Up,https://www.youtube.com/watch?v=YE7VzlLtp-4,class-thumbnail-3.jpg
5f0bcb7cad9b2a576eb101b3,Sesame Street,Jason Facey,Beginner,Sesame Street,https://www.youtube.com/watch?v=YE7VzlLtp-4,class-thumbnail-1.jpg
5f0bcb7cad9b2a576eb101b4,Pull Up,Jason Facey,Beginner,Pine and Ginger,https://www.youtube.com/watch?v=YE7VzlLtp-4,class-thumbnail-2.jpg
5f0bcb7cad9b2a576eb101b5,Cut Dem Off,Jason Facey,Beginner,Cut Dem Off,https://www.youtube.com/watch?v=YE7VzlLtp-4,class-thumbnail-3.jpg
5f0bcb7cad9b2a576eb101b6,Get Your Shake On - No Good So Good,Phil Wright,Intermediate,Get Your Shake On,https://www.youtube.com/watch?v=YE7VzlLtp-4,class-thumbnail-1.jpg
5f0bcb7cad9b2a576eb101b7,1. Learn to Move on Beat,David Lee,Beginner,Da Funk,https://www.youtube.com/watch?v=YE7VzlLtp-4,class-thumbnail-2.jpg
5f0bcb7cad9b2a576eb101b8,3. Basic Steps: Intro & 2 Step,David Lee,Beginner,Put Me On Somethin,https://www.youtube.com/watch?v=YE7VzlLtp-4,class-thumbnail-1.jpg
5f0bcb7cad9b2a576eb101b9,2. Weight Shifts,David Lee,Beginner,Zeze,https://www.youtube.com/watch?v=YE7VzlLtp-4,class-thumbnail-3.jpg
5f0bcb7cad9b2a576eb101ba,4. Basic Steps: Cross Step,David Lee,Beginner,Put Me On Somethin,https://www.youtube.com/watch?v=YE7VzlLtp-4,class-thumbnail-2.jpg
5f0bcb7cad9b2a576eb101bb,5. Basic Steps: Out In,David Lee,Beginner,Put Me On Somethin,https://www.youtube.com/watch?v=YE7VzlLtp-4,class-thumbnail-3.jpg
5f0bcb7cad9b2a576eb101bc,6. Basic Steps: Hop Together,David Lee,Beginner,Put Me On Somethin,https://www.youtube.com/watch?v=YE7VzlLtp-4,class-thumbnail-1.jpg
5f0bcb7cad9b2a576eb101bd,7. Basic Steps: Combine All 4 Steps,David Lee,Beginner,"Put Me On Somethin,Light It Up,Go Loko",https://www.youtube.com/watch?v=YE7VzlLtp-4,class-thumbnail-2.jpg
5f0bcb7cad9b2a576eb101be,9. Basic Arms: Intro & Jogger Arms,David Lee,Beginner,Privacy,https://www.youtube.com/watch?v=YE7VzlLtp-4,class-thumbnail-3.jpg
5f0bcb7cad9b2a576eb101bf,10. Basic Arms: Talking Hands,David Lee,Beginner,Privacy,https://www.youtube.com/watch?v=YE7VzlLtp-4,class-thumbnail-1.jpg
5f0bcb7cad9b2a576eb101c0,11. Basic Arms: Cross Open,David Lee,Beginner,Privacy,https://www.youtube.com/watch?v=YE7VzlLtp-4,class-thumbnail-2.jpg
5f0bcb7cad9b2a576eb101c1,12. Basic Arms: Pumpies,David Lee,Beginner,"""Juicy Booty ft. Jhené Aiko, R. Kelly""",https://www.youtube.com/watch?v=YE7VzlLtp-4,class-thumbnail-3.jpg
5f0bcb7cad9b2a576eb101c2,16. Basic Moves: 2 Step + Pumpies,David Lee,Beginner,Right Thurr,https://www.youtube.com/watch?v=YE7VzlLtp-4,class-thumbnail-3.jpg
5f0bcb7cad9b2a576eb101c3,13. Basic Arms: Open Close,David Lee,Beginner,"""Juicy Booty ft. Jhené Aiko, R. Kelly""",https://www.youtube.com/watch?v=YE7VzlLtp-4,class-thumbnail-1.jpg
5f0bcb7cad9b2a576eb101c4,15. Basic Moves: Intro & Weight Shift + Jogger Arms,David Lee,Beginner,Right Thurr,https://www.youtube.com/watch?v=YE7VzlLtp-4,class-thumbnail-2.jpg
5f0bcb7cad9b2a576eb101c5,17. Basic Moves: Cross Step + Cross Open,David Lee,Beginner,Thank U Next,https://www.youtube.com/watch?v=YE7VzlLtp-4,class-thumbnail-1.jpg
5f0bcb7cad9b2a576eb101c6,19. Basic Moves: Hop Together + L-Shape Open Close,David Lee,Beginner,Nice For What,https://www.youtube.com/watch?v=YE7VzlLtp-4,class-thumbnail-3.jpg
5f0bcb7cad9b2a576eb101c7,18. Basic Moves: Out In + Talking Hands,David Lee,Beginner,Thank U Next,https://www.youtube.com/watch?v=YE7VzlLtp-4,class-thumbnail-2.jpg
5f0bcb7cad9b2a576eb101c8,20. Basic Moves: Combine All 5 Moves To Different Songs,David Lee,Beginner,Nice For What,https://www.youtube.com/watch?v=YE7VzlLtp-4,class-thumbnail-1.jpg
5f0bcb7cad9b2a576eb101c9,21. Basic Moves: Challenge,David Lee,Beginner,"Right Thurr,Thank U Next",https://www.youtube.com/watch?v=YE7VzlLtp-4,class-thumbnail-2.jpg
5f0bcb7cad9b2a576eb101ca,22. Add Bounces: Intro & 2 Step + Bounce,David Lee,Beginner,PIE,https://www.youtube.com/watch?v=YE7VzlLtp-4,class-thumbnail-3.jpg
5f0bcb7cad9b2a576eb101cb,23. Add Bounces: Lunge Bounce,David Lee,Beginner,PIE,https://www.youtube.com/watch?v=YE7VzlLtp-4,class-thumbnail-1.jpg
5f0bcb7cad9b2a576eb101cc,24. Add Bounces: Hop Step Bounce,David Lee,Beginner,PIE,https://www.youtube.com/watch?v=YE7VzlLtp-4,class-thumbnail-2.jpg
5f0bcb7cad9b2a576eb101cd,25. Add Bounces: Challenge,David Lee,Beginner,PIE,https://www.youtube.com/watch?v=YE7VzlLtp-4,class-thumbnail-3.jpg
5f0bcb7cad9b2a576eb101ce,26. Body Rolls: Intro & Top To Bottom,David Lee,Beginner,OTW,https://www.youtube.com/watch?v=YE7VzlLtp-4,class-thumbnail-1.jpg
5f0bcb7cad9b2a576eb101cf,27. Body Rolls: Bottom To Top,David Lee,Beginner,OTW,https://www.youtube.com/watch?v=YE7VzlLtp-4,class-thumbnail-2.jpg
5f0bcb7cad9b2a576eb101d0,28. Body Rolls: Side to Sit,David Lee,Beginner,OTW,https://www.youtube.com/watch?v=YE7VzlLtp-4,class-thumbnail-3.jpg
5f0bcb7cad9b2a576eb101d1,29. Body Rolls: Body Roll + Steps,David Lee,Beginner,OTW,https://www.youtube.com/watch?v=YE7VzlLtp-4,class-thumbnail-1.jpg
5f0bcb7cad9b2a576eb101d2,30. Body Rolls: Body Roll + Hop Steps,David Lee,Beginner,OTW,https://www.youtube.com/watch?v=YE7VzlLtp-4,class-thumbnail-2.jpg
5f0bcb7cad9b2a576eb101d3,31. Body Rolls: Challenge,David Lee,Beginner,PIE,https://www.youtube.com/watch?v=YE7VzlLtp-4,class-thumbnail-3.jpg
5f0bcb7cad9b2a576eb101d4,32. Level 2 Moves: Intro & Kick Ball Change + Front In Out,David Lee,Beginner,Dance With Me,https://www.youtube.com/watch?v=YE7VzlLtp-4,class-thumbnail-1.jpg
5f0bcb7cad9b2a576eb101d5,33. Level 2 Moves: Grapevine + Jogger Arms,David Lee,Beginner,Finesse,https://www.youtube.com/watch?v=YE7VzlLtp-4,class-thumbnail-2.jpg
5f0bcb7cad9b2a576eb101d6,34. Level 2 Moves: Rond de Jambe + Chug Swipe,David Lee,Beginner,Tap Out,https://www.youtube.com/watch?v=YE7VzlLtp-4,class-thumbnail-3.jpg
5f0bcb7cad9b2a576eb101d7,35. Level 2 Moves: Combine All 3 Moves,David Lee,Beginner,Goodies,https://www.youtube.com/watch?v=YE7VzlLtp-4,class-thumbnail-1.jpg
5f0bcb7cad9b2a576eb101d8,36. Level 2 Moves: Drill to 4 Songs,David Lee,Beginner,"Dance With Me,Finesse,Tap Out,Goodies",https://www.youtube.com/watch?v=YE7VzlLtp-4,class-thumbnail-2.jpg
5f0bcb7cad9b2a576eb101d9,38. Level 1&2 Moves: Combine All Moves,David Lee,Beginner,"Finesse,Dance With Me,Goodies,Tap Out",https://www.youtube.com/watch?v=YE7VzlLtp-4,class-thumbnail-3.jpg
5f0bcb7cad9b2a576eb101da,39. Choreography Using All Moves,David Lee,Beginner,Lottery,https://www.youtube.com/watch?v=YE7VzlLtp-4,class-thumbnail-1.jpg
5f0bcb7cad9b2a576eb101db,Get Back Right - Lecrae,Jawn Ha,Advanced,Get Back Right,https://www.youtube.com/watch?v=YE7VzlLtp-4,class-thumbnail-2.jpg
5f0bcb7cad9b2a576eb101dc,Blue Ribbon - Jessie Reyez,Ellen Kim,Advanced,Blue Ribbon,https://www.youtube.com/watch?v=YE7VzlLtp-4,class-thumbnail-3.jpg
5f0bcb7cad9b2a576eb101dd,Dalla Dalla - Itzy,Brian Friedman,Advanced,Dalla Dalla,https://www.youtube.com/watch?v=YE7VzlLtp-4,class-thumbnail-1.jpg
5f0bcb7cad9b2a576eb101de,Heat - Chris Brown,CJ Salvador,Advanced,Heat,https://www.youtube.com/watch?v=YE7VzlLtp-4,class-thumbnail-2.jpg
5f0bcb7cad9b2a576eb101df,Holy Grail - Marcellus Juvann,Brian Puspos,Advanced,Holy Grail,https://www.youtube.com/watch?v=YE7VzlLtp-4,class-thumbnail-3.jpg
5f0bcb7cad9b2a576eb101e0,Frustrated - TroyBoi Ft. Destiny,Fik-Shun,Advanced,Frustrated,https://www.youtube.com/watch?v=YE7VzlLtp-4,class-thumbnail-1.jpg
5f0bcb7cad9b2a576eb101e1,Wow - Post Malone,David Lee,Beginner,Wow.,https://www.youtube.com/watch?v=YE7VzlLtp-4,class-thumbnail-3.jpg
5f0bcb7cad9b2a576eb101e2,REDMERCEDES - Amine,Bailey Sok,Advanced,REDMERCEDES,https://www.youtube.com/watch?v=YE7VzlLtp-4,class-thumbnail-2.jpg
5f0bcb7cad9b2a576eb101e3,Kokamoe Freestyle - Goldlink,David Lee,Intermediate,Kokamoe Freestyle,https://www.youtube.com/watch?v=YE7VzlLtp-4,class-thumbnail-1.jpg
5f0bcb7cad9b2a576eb101e4,Heel Pivot Step,Bianca Vallar,Beginner,"What's Luv?",https://www.youtube.com/watch?v=YE7VzlLtp-4,class-thumbnail-1.jpg
5f0bcb7cad9b2a576eb101e5,Clamshells,Bianca Vallar,Beginner,Bump Bump Bump,https://www.youtube.com/watch?v=YE7VzlLtp-4,class-thumbnail-1.jpg
5f0bcb7cad9b2a576eb101e6,Monestary,Bianca Vallar,Beginner,Right Thurr,https://www.youtube.com/watch?v=YE7VzlLtp-4,class-thumbnail-2.jpg
5f0bcb7cad9b2a576eb101e7,Front & Back Hip Sways,Bianca Vallar,Beginner,Back & Forth,https://www.youtube.com/watch?v=YE7VzlLtp-4,class-thumbnail-3.jpg
5f0bcb7cad9b2a576eb101e8,Groove Combo: Popular Hip Hop Songs,David Lee,Beginner,Money In The Grave,https://www.youtube.com/watch?v=YE7VzlLtp-4,class-thumbnail-2.jpg
5f0bcb7cad9b2a576eb101e9,Me & U - Cassie,Harlie Ramirez,Beginner,Me & U,https://www.youtube.com/watch?v=YE7VzlLtp-4,class-thumbnail-1.jpg
5f0bcb7cad9b2a576eb101ea,Cross Open Scoop,Bianca Vallar,Beginner,Hot In Herre,https://www.youtube.com/watch?v=YE7VzlLtp-4,class-thumbnail-2.jpg
5f0bcb7cad9b2a576eb101eb,"10,000 Hours - Ella Mai",Harlie Ramirez,Intermediate,"""10,000 Hours""",https://www.youtube.com/watch?v=YE7VzlLtp-4,class-thumbnail-2.jpg
5f0bcb7cad9b2a576eb101ec,20 Min Grooves,Harlie Ramirez,Beginner,Feenin,https://www.youtube.com/watch?v=YE7VzlLtp-4,class-thumbnail-3.jpg
5f0bcb7cad9b2a576eb101ed,Side Flow,Jason Facey,Beginner,Clean Like Jesus,https://www.youtube.com/watch?v=YE7VzlLtp-4,class-thumbnail-1.jpg
5f0bcb7cad9b2a576eb101ee,Side To Side Stanky Leg,Bianca Vallar,Beginner,Shackles (Praise You),https://www.youtube.com/watch?v=YE7VzlLtp-4,class-thumbnail-3.jpg
5f0bcb7cad9b2a576eb101ef,Side To Side Rock,Bianca Vallar,Beginner,Where The Party At,https://www.youtube.com/watch?v=YE7VzlLtp-4,class-thumbnail-2.jpg
5f0bcb7cad9b2a576eb101f0,The Electric Slide,Bianca Vallar,Beginner,The Way You Move,https://www.youtube.com/watch?v=YE7VzlLtp-4,class-thumbnail-3.jpg
5f0bcb7cad9b2a576eb101f1,Figure 8 Sways,Bianca Vallar,Beginner,Pon de Replay,https://www.youtube.com/watch?v=YE7VzlLtp-4,class-thumbnail-1.jpg
5f0bcb7cad9b2a576eb101f2,Celebrate,Tango Leadaz,Beginner,W,https://www.youtube.com/watch?v=YE7VzlLtp-4,class-thumbnail-2.jpg
5f0bcb7cad9b2a576eb101f3,Slides,Bianca Vallar,Beginner,Rock Wit You (Awww Baby),https://www.youtube.com/watch?v=YE7VzlLtp-4,class-thumbnail-3.jpg
5f0bcb7cad9b2a576eb101f4,Tour Di City,Tango Leadaz,Beginner,Happy Time,https://www.youtube.com/watch?v=YE7VzlLtp-4,class-thumbnail-3.jpg
5f0bcb7cad9b2a576eb101f5,Move Dem Up,Tango Leadaz,Beginner,Gun Show Riddim,https://www.youtube.com/watch?v=YE7VzlLtp-4,class-thumbnail-1.jpg
5f0bcb7cad9b2a576eb101f6,Gimme Space,Tango Leadaz,Beginner,Street Vybz Riddim,https://www.youtube.com/watch?v=YE7VzlLtp-4,class-thumbnail-2.jpg
5f0bcb7cad9b2a576eb101f7,New York New York,Tango Leadaz,Beginner,12 Gauge Riddim (instrumental),https://www.youtube.com/watch?v=YE7VzlLtp-4,class-thumbnail-3.jpg
5f0bcb7cad9b2a576eb101f8,Heel Toe,Breeze Lee,Beginner,God Made Me Phunky,https://www.youtube.com/watch?v=YE7VzlLtp-4,class-thumbnail-1.jpg
5f0bcb7cad9b2a576eb101f9,Footwork Workout 1,Breeze Lee,Intermediate,"Second Wind,Legend of Papachongo,Bring Me Love",https://www.youtube.com/watch?v=YE7VzlLtp-4,class-thumbnail-2.jpg
5f0bcb7cad9b2a576eb101fa,House Follow Along,Breeze Lee,Advanced,"Step Out,The Cure & The Cause,God Made Me Phunky (Karizma Re-Dub)",https://www.youtube.com/watch?v=YE7VzlLtp-4,class-thumbnail-3.jpg
5f0bcb7cad9b2a576eb101fb,Basic Arm Rolls,Lily Frias,Beginner,"""I Know You, I Live You"",Oyelo - Cocflo's Brimbau Mix,Reckless (with your love),Star Love,All For Love (ft. Bucie)",https://www.youtube.com/watch?v=YE7VzlLtp-4,class-thumbnail-1.jpg
5f0bcb7cad9b2a576eb101fc,Arm Roll Variation,Lily Frias,Beginner,"Rockets (mOma+guy Remix),Don't Start Now,It's Not Right But It's Okay - Thunderpuss Mix,Vamanos Pal Monte,I Believe In Miracles -  Broken Party Animal Mix,Hanging Tough",https://www.youtube.com/watch?v=YE7VzlLtp-4,class-thumbnail-2.jpg
5f0bcb7cad9b2a576eb101fd,Boogaloo Rolls + Variation,Dassy Lee,Intermediate,"Freak In Me ft. Heather Hunter A L (Instrumental),Before You Leave,Nights (Feel Like Getting Down),Peaches & Cream (Instrumental)",https://www.youtube.com/watch?v=YE7VzlLtp-4,class-thumbnail-3.jpg
5f0bcb7cad9b2a576eb101fe,Free From These Chains - otxhello,Dassy Lee,Intermediate,Free From These Chains,https://www.youtube.com/watch?v=YE7VzlLtp-4,class-thumbnail-1.jpg
5f0bcb7cad9b2a576eb101ff,Musicality - Pops,Slim Boogie,Beginner,WCMUD (Zapp Re-Work),https://www.youtube.com/watch?v=YE7VzlLtp-4,class-thumbnail-3.jpg
5f0bcb7cad9b2a576eb10200,Isolations + King Cobra,Dassy Lee,Beginner,"Dilemma (miiiiito POPPING REMIX),Blessed,I Humbly Say Thank You!,G.I. Joe",https://www.youtube.com/watch?v=YE7VzlLtp-4,class-thumbnail-2.jpg
5f0bcb7cad9b2a576eb10201,Musicality - Dime Stops,Slim Boogie,Beginner,SLUM VILLAGE - SELFISH (MSSWLL & ELTEE 4AM MIX),https://www.youtube.com/watch?v=YE7VzlLtp-4,class-thumbnail-2.jpg
5f0bcb7cad9b2a576eb10202,Musicality - Twists + Fixed Points,Slim Boogie,Beginner,Sweet Melody Feat. GGQueen Prod Mofak,https://www.youtube.com/watch?v=YE7VzlLtp-4,class-thumbnail-1.jpg
5f0bcb7cad9b2a576eb10203,Salsa Basic,Jojo Diggs,Beginner,Azul (Incl. Phil Asher Mix),https://www.youtube.com/watch?v=YE7VzlLtp-4,class-thumbnail-3.jpg
5f0bcb7cad9b2a576eb10204,Salsa Step,Jojo Diggs,Beginner,"Carib's Leap",https://www.youtube.com/watch?v=YE7VzlLtp-4,class-thumbnail-2.jpg
5f0bcb7cad9b2a576eb10205,The Wiz,Jojo Diggs,Beginner,Let Me Love You,https://www.youtube.com/watch?v=YE7VzlLtp-4,class-thumbnail-1.jpg
5f0bcb7cad9b2a576eb10206,Mountain Climber,Jojo Diggs,Beginner,Moonlight (Extended Mix),https://www.youtube.com/watch?v=YE7VzlLtp-4,class-thumbnail-3.jpg
5f0bcb7cad9b2a576eb10207,Tip Tap Toe,Jojo Diggs,Beginner,Fading Away,https://www.youtube.com/watch?v=YE7VzlLtp-4,class-thumbnail-1.jpg
5f0bcb7cad9b2a576eb10208,Disco Step,Jojo Diggs,Beginner,Stuck,https://www.youtube.com/watch?v=YE7VzlLtp-4,class-thumbnail-2.jpg
5f0bcb7cad9b2a576eb10209,Baracho,Jojo Diggs,Beginner,Can You Feel It (Original Afro Samba Music),https://www.youtube.com/watch?v=YE7VzlLtp-4,class-thumbnail-3.jpg
5f0bcb7cad9b2a576eb1020a,Tap Kick,Jojo Diggs,Beginner,Open Road,https://www.youtube.com/watch?v=YE7VzlLtp-4,class-thumbnail-1.jpg
5f0bcb7cad9b2a576eb1020b,Swivel,Jojo Diggs,Beginner,Dominique Fils-Aimé - Sun Rise (Atjazz Remix),https://www.youtube.com/watch?v=YE7VzlLtp-4,class-thumbnail-2.jpg
5f0bcb7cad9b2a576eb1020c,Steve Martin,Brandon BeastBoi Juezan,Beginner,Everyday People,https://www.youtube.com/watch?v=YE7VzlLtp-4,class-thumbnail-3.jpg
5f0bcb7cad9b2a576eb1020d,Walk It Out,Brandon BeastBoi Juezan,Beginner,Walk It Out,https://www.youtube.com/watch?v=YE7VzlLtp-4,class-thumbnail-1.jpg
5f0bcb7cad9b2a576eb1020e,Spongebob,Brandon BeastBoi Juezan,Beginner,So Dope,https://www.youtube.com/watch?v=YE7VzlLtp-4,class-thumbnail-2.jpg
5f0bcb7cad9b2a576eb1020f,Wu Tang,Brandon BeastBoi Juezan,Beginner,"""Lights, Camera, Action""",https://www.youtube.com/watch?v=YE7VzlLtp-4,class-thumbnail-3.jpg
5f0bcb7cad9b2a576eb10210,Milly Rock,Brandon BeastBoi Juezan,Beginner,Milly Rock,https://www.youtube.com/watch?v=YE7VzlLtp-4,class-thumbnail-2.jpg
5f0bcb7cad9b2a576eb10211,Tone Wop,Brandon BeastBoi Juezan,Beginner,Special Delivery,https://www.youtube.com/watch?v=YE7VzlLtp-4,class-thumbnail-1.jpg
5f0bcb7cad9b2a576eb10212,Hit Dem Folks,Brandon BeastBoi Juezan,Beginner,All In,https://www.youtube.com/watch?v=YE7VzlLtp-4,class-thumbnail-3.jpg
5f0bcb7cad9b2a576eb10213,Get It Shawty - Lloyd,Sorah Yang,Intermediate,Get It Shawty,https://www.youtube.com/watch?v=YE7VzlLtp-4,class-thumbnail-1.jpg
5f0bcb7cad9b2a576eb10214,3 Min Stretch & Warm Up,David Slaney,Beginner,Stretch You Out ft. A Boogie wit da Hoodie,https://www.youtube.com/watch?v=YE7VzlLtp-4,class-thumbnail-2.jpg
5f0bcb7cad9b2a576eb10215,5 Min Stretch & Warm Up,David Slaney,Beginner,Body,https://www.youtube.com/watch?v=YE7VzlLtp-4,class-thumbnail-3.jpg
5f0bcb7cad9b2a576eb10216,Getting Down to & Up from the Floor,David Slaney,Beginner,Jerry Sprunger (with T-Pain),https://www.youtube.com/watch?v=YE7VzlLtp-4,class-thumbnail-1.jpg
5f0bcb7cad9b2a576eb10217,No Guidance (feat. Drake),David Slaney,Intermediate,No Guidance (feat. Drake),https://www.youtube.com/watch?v=YE7VzlLtp-4,class-thumbnail-2.jpg
5f0bcb7cad9b2a576eb10218,Visualize - SoMo,Jun Quemado,Advanced,Visualize,https://www.youtube.com/watch?v=YE7VzlLtp-4,class-thumbnail-3.jpg
5f0bcb7cad9b2a576eb10219,Casio - Jungle,Kristin Santiago,Beginner,Casio,https://www.youtube.com/watch?v=YE7VzlLtp-4,class-thumbnail-1.jpg
5f0bcb7cad9b2a576eb1021a,Time Today - BJ The Chicago Kid,Brian Puspos,Advanced,Time Today,https://www.youtube.com/watch?v=YE7VzlLtp-4,class-thumbnail-1.jpg
5f0bcb7cad9b2a576eb1021b,Rolls + 2 Step Follow Along,Kristin Santiago,Intermediate,Chances (ft. Shay Lia),https://www.youtube.com/watch?v=YE7VzlLtp-4,class-thumbnail-3.jpg
5f0bcb7cad9b2a576eb1021c,Adjust,Jason Facey,Beginner,Ye,https://www.youtube.com/watch?v=YE7VzlLtp-4,class-thumbnail-3.jpg
5f0bcb7cad9b2a576eb1021d,Playground,Jason Facey,Beginner,Brik Pan Brik,https://www.youtube.com/watch?v=YE7VzlLtp-4,class-thumbnail-2.jpg
5f0bcb7cad9b2a576eb1021e,Yardie,Jason Facey,Beginner,Style,https://www.youtube.com/watch?v=YE7VzlLtp-4,class-thumbnail-1.jpg
5f0bcb7cad9b2a576eb1021f,Overhead + Lines Follow Along,Kristin Santiago,Beginner,Yeah Yeah Yeah,https://www.youtube.com/watch?v=YE7VzlLtp-4,class-thumbnail-2.jpg
5f0bcb7cad9b2a576eb10220,Calm Dem Down,Tango Leadaz,Beginner,Calm Dem Down,https://www.youtube.com/watch?v=YE7VzlLtp-4,class-thumbnail-3.jpg
5f0bcb7cad9b2a576eb10221,Walk,Jason Facey,Beginner,Walk,https://www.youtube.com/watch?v=YE7VzlLtp-4,class-thumbnail-2.jpg
5f0bcb7cad9b2a576eb10222,Chap Dem,Tango Leadaz,Beginner,Chap Dem,https://www.youtube.com/watch?v=YE7VzlLtp-4,class-thumbnail-1.jpg
5f0bcb7cad9b2a576eb10223,Equaflow,Tango Leadaz,Beginner,Happy Hour Riddim (Instrumental),https://www.youtube.com/watch?v=YE7VzlLtp-4,class-thumbnail-3.jpg
5f0bcb7cad9b2a576eb10224,Bop Bop,Tango Leadaz,Beginner,Drone Dem Riddim Instrumentals (Official Remake),https://www.youtube.com/watch?v=YE7VzlLtp-4,class-thumbnail-2.jpg
5f0bcb7cad9b2a576eb10225,Time,Boogie Frantick,Beginner,Music (Remix) feat. Keith Murray & Redman,https://www.youtube.com/watch?v=YE7VzlLtp-4,class-thumbnail-2.jpg
5f0bcb7cad9b2a576eb10226,Popping Follow Along,Boogie Frantick,Beginner,Time,https://www.youtube.com/watch?v=YE7VzlLtp-4,class-thumbnail-1.jpg
5f0bcb7cad9b2a576eb10227,Popping Workout,Boogie Frantick,Beginner,Love Invaders,https://www.youtube.com/watch?v=YE7VzlLtp-4,class-thumbnail-3.jpg
5f0bcb7cad9b2a576eb10228,Revenge - Joyner Lucas,Sorah Yang,Advanced,Revenge,https://www.youtube.com/watch?v=YE7VzlLtp-4,class-thumbnail-1.jpg
5f0bcb7cad9b2a576eb10229,Lines + Rolls,Lorena Valenzuela,Intermediate,Keep The Fire Burning (Roger Sanchez Underground Network Dub),https://www.youtube.com/watch?v=YE7VzlLtp-4,class-thumbnail-2.jpg
5f0bcb7cad9b2a576eb1022a,Rolls + Pictures,Lorena Valenzuela,Beginner,I Feel Good (Sjef Rolet Disco-Mix),https://www.youtube.com/watch?v=YE7VzlLtp-4,class-thumbnail-3.jpg
5f0bcb7cad9b2a576eb1022b,Review Basic Moves,David Lee,Beginner,Nice For What,https://www.youtube.com/watch?v=YE7VzlLtp-4,class-thumbnail-2.jpg
5f0bcb7cad9b2a576eb1022c,Review Choreography,David Lee,Beginner,Lottery,https://www.youtube.com/watch?v=YE7VzlLtp-4,class-thumbnail-3.jpg
5f0bcb7cad9b2a576eb1022d,Cool Off - Missy Elliot,Lorena Valenzuela,Intermediate,Cool Off,https://www.youtube.com/watch?v=YE7VzlLtp-4,class-thumbnail-1.jpg
5f0bcb7cad9b2a576eb1022e,Twistoflex + Toyman Warm Up,Dnoi,Beginner,Shut Up When You Speak,https://www.youtube.com/watch?v=YE7VzlLtp-4,class-thumbnail-1.jpg
5f0bcb7cad9b2a576eb1022f,Gangstagram,Dnoi,Intermediate,Gangstagram,https://www.youtube.com/watch?v=YE7VzlLtp-4,class-thumbnail-3.jpg
5f0bcb7cad9b2a576eb10230,Shut Up When You Speak,Dnoi,Intermediate,Shut Up When You Speak,https://www.youtube.com/watch?v=YE7VzlLtp-4,class-thumbnail-2.jpg
5f0bcb7cad9b2a576eb10231,No Commas - D Smoke,Mikey DellaVella,Advanced,No Commas,https://www.youtube.com/watch?v=YE7VzlLtp-4,class-thumbnail-1.jpg
5f0bcb7cad9b2a576eb10232,MyBoi (Troyboi Remix),Femme Fatale,Advanced,MyBoi (TroyBoi Remix),https://www.youtube.com/watch?v=YE7VzlLtp-4,class-thumbnail-2.jpg
5f0bcb7cad9b2a576eb10233,CitiRokk,CitiBoyRio,Beginner,CitiRokk Anthem,https://www.youtube.com/watch?v=YE7VzlLtp-4,class-thumbnail-3.jpg
5f0bcb7cad9b2a576eb10234,CitiRokk Shuffle - CitiRokk Anthem,CitiBoyRio,Beginner,CitiRokk Anthem,https://www.youtube.com/watch?v=YE7VzlLtp-4,class-thumbnail-1.jpg
5f0bcb7cad9b2a576eb10235,3 Vets - The Future Kingz,The Future Kingz,Advanced,3 Vets,https://www.youtube.com/watch?v=YE7VzlLtp-4,class-thumbnail-2.jpg
5f0bcb7cad9b2a576eb10236,10 Min Heels Warm Up,David Slaney,Beginner,Satisfy My Love,https://www.youtube.com/watch?v=YE7VzlLtp-4,class-thumbnail-3.jpg
5f0bcb7cad9b2a576eb10237,Slide - H.E.R,David Slaney,Beginner,Slide,https://www.youtube.com/watch?v=YE7VzlLtp-4,class-thumbnail-1.jpg
5f0bcb7cad9b2a576eb10238,15 Min Heels Warm Up,David Slaney,Beginner,Period (We Live),https://www.youtube.com/watch?v=YE7VzlLtp-4,class-thumbnail-2.jpg
5f0bcb7cad9b2a576eb10239,Yikes - Nicki Minaj,Nicole Kirkland,Advanced,Yikes,https://www.youtube.com/watch?v=YE7VzlLtp-4,class-thumbnail-1.jpg
5f0bcb7cad9b2a576eb1023a,Cosby Walk,Rated R,Beginner,3 Vets,https://www.youtube.com/watch?v=YE7VzlLtp-4,class-thumbnail-2.jpg
5f0bcb7cad9b2a576eb1023b,Over It - Summer walker,David Slaney,Intermediate,Over It,https://www.youtube.com/watch?v=YE7VzlLtp-4,class-thumbnail-3.jpg
5f0bcb7cad9b2a576eb1023c,Whip + Nae Nae,Brandon BeastBoi Juezan,Beginner,Nasty Freestyle,https://www.youtube.com/watch?v=YE7VzlLtp-4,class-thumbnail-3.jpg
5f0bcb7cad9b2a576eb1023d,Jerk,Brandon BeastBoi Juezan,Beginner,Tool Time,https://www.youtube.com/watch?v=YE7VzlLtp-4,class-thumbnail-2.jpg
5f0bcb7cad9b2a576eb1023e,Reject,Brandon BeastBoi Juezan,Beginner,"You're a Jerk",https://www.youtube.com/watch?v=YE7VzlLtp-4,class-thumbnail-3.jpg
5f0bcb7cad9b2a576eb1023f,Dougie,Brandon BeastBoi Juezan,Beginner,Teach Me How To Dougie,https://www.youtube.com/watch?v=YE7VzlLtp-4,class-thumbnail-1.jpg
5f0bcb7cad9b2a576eb10240,Hit The Quan,Brandon BeastBoi Juezan,Beginner,Hit The Quan,https://www.youtube.com/watch?v=YE7VzlLtp-4,class-thumbnail-1.jpg
5f0bcb7cad9b2a576eb10241,Woah,Brandon BeastBoi Juezan,Beginner,Lottery,https://www.youtube.com/watch?v=YE7VzlLtp-4,class-thumbnail-2.jpg
5f0bcb7cad9b2a576eb10242,Groove Warm Up,Brandon BeastBoi Juezan,Beginner,Wow Freestyle Ft. Kendrick Lamar,https://www.youtube.com/watch?v=YE7VzlLtp-4,class-thumbnail-3.jpg
5f0bcb7cad9b2a576eb10243,"SexBeat - Usher, Lil Jon, Ludacris ",Brian Puspos,Advanced,SexBeat,https://www.youtube.com/watch?v=YE7VzlLtp-4,class-thumbnail-2.jpg
5f0bcb7cad9b2a576eb10244,Viral Dance Follow Along,Brandon BeastBoi Juezan,Beginner,Paramedic!,https://www.youtube.com/watch?v=YE7VzlLtp-4,class-thumbnail-1.jpg
5f0bcb7cad9b2a576eb10245,Super Bass - Nicki Minaj,Ellen Kim,Advanced,Super Bass,https://www.youtube.com/watch?v=YE7VzlLtp-4,class-thumbnail-1.jpg
5f0bcb7cad9b2a576eb10246,Can I - Tiffany Gouche,Ysabelle Capitule,Advanced,Can I,https://www.youtube.com/watch?v=YE7VzlLtp-4,class-thumbnail-3.jpg
5f0bcb7cad9b2a576eb10247,Can You Hear Me - Omarion Feat. T-Pain,Phil Wright,Advanced,Can You Hear Me,https://www.youtube.com/watch?v=YE7VzlLtp-4,class-thumbnail-2.jpg
5f0bcb7cad9b2a576eb10248,Donk - Soulja Boy,J Blaze,Advanced,Donk,https://www.youtube.com/watch?v=YE7VzlLtp-4,class-thumbnail-1.jpg
5f0bcb7cad9b2a576eb10249,"Bacc At It Again - Yella Beezy, Quavo, Gucci Mane",J Blaze,Advanced,Bacc At It Again,https://www.youtube.com/watch?v=YE7VzlLtp-4,class-thumbnail-3.jpg
5f0bcb7cad9b2a576eb1024a,Lost - Beam,CJ Salvador,Advanced,Lost,https://www.youtube.com/watch?v=YE7VzlLtp-4,class-thumbnail-3.jpg
5f0bcb7cad9b2a576eb1024b,Rockstar - DaBaby feat. Roddy Ricch,Nicole Kirkland,Advanced,Rockstar,https://www.youtube.com/watch?v=YE7VzlLtp-4,class-thumbnail-2.jpg
5f0bcb7cad9b2a576eb1024c,Beauty In The Benz - Torey Lanez (feat. Snoop Dogg),Delaney Glazer,Advanced,Beauty In The Benz,https://www.youtube.com/watch?v=YE7VzlLtp-4,class-thumbnail-1.jpg
5f0bcb7cad9b2a576eb1024d,Welcome To The Party (Remix) - Pop Smoke ft. Nicki Minaj,Sienna Lalau,Advanced,Welcome To The Party (Remix),https://www.youtube.com/watch?v=YE7VzlLtp-4,class-thumbnail-2.jpg
5f0bcb7cad9b2a576eb1024e,Conceited - Remy Ma (The Lab Mix),Sienna Lalau,Advanced,Conceited (The Lab Mix),https://www.youtube.com/watch?v=YE7VzlLtp-4,class-thumbnail-3.jpg
5f0bcb7cad9b2a576eb1024f,Nasa - Y2,CJ Salvador,Advanced,Nasa,https://www.youtube.com/watch?v=YE7VzlLtp-4,class-thumbnail-2.jpg
5f0bcb7cad9b2a576eb10250,Take It Out On Me - Justin Bieber,Alexander Chung,Advanced,Take It Out On Me,https://www.youtube.com/watch?v=YE7VzlLtp-4,class-thumbnail-1.jpg
5f0bcb7cad9b2a576eb10251,"Don't Waste My Time - Usher ft. Ella Mai",David Slaney,Intermediate,"Don't Waste My Time",https://www.youtube.com/watch?v=YE7VzlLtp-4,class-thumbnail-3.jpg
5f0bcb7cad9b2a576eb10252,Like That - Doja Cat ft. Gucci Mane,David Slaney,Beginner,Like That,https://www.youtube.com/watch?v=YE7VzlLtp-4,class-thumbnail-1.jpg
5f0bcb7cad9b2a576eb10253,Bad Idea - Ariana Grande,David Slaney,Advanced,Bad Idea,https://www.youtube.com/watch?v=YE7VzlLtp-4,class-thumbnail-2.jpg
5f0bcb7cad9b2a576eb10254,Check On It (Reggaeton Remix),Sheela Awe,Intermediate,Check On It (Reggaeton Remix),https://www.youtube.com/watch?v=YE7VzlLtp-4,class-thumbnail-3.jpg
5f0bcb7cad9b2a576eb10255,The Drip - Kiing Sam,Sheela Awe,Intermediate,The Drip,https://www.youtube.com/watch?v=YE7VzlLtp-4,class-thumbnail-1.jpg
5f0bcb7cad9b2a576eb10256,Savage Remix (@cassidycondiee version),Sheela Awe,Intermediate,Savage (Remix),https://www.youtube.com/watch?v=YE7VzlLtp-4,class-thumbnail-2.jpg
5f0bcb7cad9b2a576eb10257,"Wake Up Dead - Chris Brown, T Pain",Jun Quemado,Advanced,Wake Up Dead,https://www.youtube.com/watch?v=YE7VzlLtp-4,class-thumbnail-3.jpg
5f0bcb7cad9b2a576eb10258,You Got It - Vedo,Jun Quemado,Advanced,You Got It,https://www.youtube.com/watch?v=YE7VzlLtp-4,class-thumbnail-1.jpg
5f0bcb7cad9b2a576eb10259,Hot - Young Thug Feat. Gunna,Lando Wilkins,Advanced,Hot,https://www.youtube.com/watch?v=YE7VzlLtp-4,class-thumbnail-2.jpg
5f0bcb7cad9b2a576eb1025a,"Touch And Go - Tinashe, 6LACK",Kayla Brenda,Beginner,Touch & Go,https://www.youtube.com/watch?v=YE7VzlLtp-4,class-thumbnail-3.jpg
5f0bcb7cad9b2a576eb1025b,"Señorita - Shawn Mendes, Camilla Cabello",Kayla Brenda,Intermediate,Señorita,https://www.youtube.com/watch?v=YE7VzlLtp-4,class-thumbnail-1.jpg
5f0bcb7cad9b2a576eb1025c,Kill This Love - BLACKPINK,Jing Huang,Intermediate,Kill This Love,https://www.youtube.com/watch?v=YE7VzlLtp-4,class-thumbnail-2.jpg
5f0bcb7cad9b2a576eb1025d,ABC - The Jackson 5,Patrick SikTrik Viloria,Advanced,ABC,https://www.youtube.com/watch?v=YE7VzlLtp-4,class-thumbnail-3.jpg
5f0bcb7cad9b2a576eb1025e,You Rock My World - Michael Jackson,Patrick SikTrik Viloria,Intermediate,You Rock My World,https://www.youtube.com/watch?v=YE7VzlLtp-4,class-thumbnail-1.jpg
5f0bcb7cad9b2a576eb1025f,Move - Little Mix,Brian Friedman,Advanced,Move,https://www.youtube.com/watch?v=YE7VzlLtp-4,class-thumbnail-2.jpg
5f0bcb7cad9b2a576eb10260,Yelle - Comme Un Enfant,Brian Friedman,Advanced,Yelle,https://www.youtube.com/watch?v=YE7VzlLtp-4,class-thumbnail-3.jpg
5f0bcb7cad9b2a576eb10261,Ice Me Out - Kashdoll,Sheela Awe,Beginner,Ice Me Out,https://www.youtube.com/watch?v=YE7VzlLtp-4,class-thumbnail-1.jpg
5f0bcb7cad9b2a576eb10262,DJ Yames - Mash Up 7,Sheela Awe,Beginner,DJ Yames Mashup 7,https://www.youtube.com/watch?v=YE7VzlLtp-4,class-thumbnail-3.jpg
5f0bcb7cad9b2a576eb10263,Walked In - ULTRADIOX,Sheela Awe,Beginner,Walked In,https://www.youtube.com/watch?v=YE7VzlLtp-4,class-thumbnail-2.jpg
5f0bcb7cad9b2a576eb10264,Savage Remix (@naenaetwinsofficial version),NaeNae Twins,Intermediate,Savage (Remix),https://www.youtube.com/watch?v=YE7VzlLtp-4,class-thumbnail-2.jpg
5f0bcb7cad9b2a576eb10265,Own It (C Minor Remix) - Ella Mai,Dexter Carr,Advanced,Own It (C Minor Remix),https://www.youtube.com/watch?v=YE7VzlLtp-4,class-thumbnail-1.jpg